docid,volid,recordid,author,firstname,inferreddate,birthdate,authgender,enumcron,title,genre
nyp.33433082397815,nyp.33433082397815,1024873,"Sherard, Robert Harborough,",Robert Harborough,1902,,m,,"Oscar Wilde, the story of an unhappy friendship",nonfic
uc2.ark+=13960=t1kh0h669,uc2.ark+=13960=t1kh0h669,6572048,"Forman, Henry James,",Henry James,1910,,m,,In the footprints of Heine,nonfic
loc.ark+=13960=t77s8gs7b,loc.ark+=13960=t77s8gs7b,9576928,"Forder, Archibald,",Archibald,1905,,u,,"'Ventures among the Arabs in desert, tent and town;",nonfic
14630,nyp.33433075909923,,"Borrow, George Henry,",,1862,,m,v. 3,Wild Wales,nonfic
loc.ark+=13960=t6k07jk32,loc.ark+=13960=t6k07jk32,9593250,"Evans, Conway.",Conway,1914,,m,,An account of our arresting experiences,nonfic
13654,uiuo.ark+=13960=t16m3rx1z,,,,1843,,u,v.1,Magic and mesmerism,nonfic
13345,uiuo.ark+=13960=t3rv0w958,,,,1848,,u,v.3,"The count, or, Sublinary life",
2204,dul1.ark+=13960=t66401k8k,,"Bellamy, Edward,",,1888,,m,,"Looking backward, 2000-1887",
4796,nyp.33433082495098,,"Smith, Seba,",,1846,,m,,Dew-drops of the nineteenth century,
6364,uc1.b3322743,,"Herbert, Henry William,",,1840,,m,v.1,Oliver Cromwell,
nyp.33433074876198,nyp.33433074876198,8666692,"MacIlwaine, Herbert C.",Herbert C,1900,,m,,Fate the fiddler,
uc2.ark+=13960=t9w08zb1x,uc2.ark+=13960=t9w08zb1x,7673343,"Strindberg, August,",August,1914,,m,,Fair haven and foul strand,
uc2.ark+=13960=t81j97z91,uc2.ark+=13960=t81j97z91,7658475,"Erskine, Payne,",Payne,1915,,f,,A girl of the Blue Ridge,
14937,uiuo.ark+=13960=t9m33gx8s,,"Dutton, Ralph, Mrs.",,1860,,f,v.2,Woman's temptation,
5890,njp.32101037989942,,"Nares, Edward,",,1812,,m,vol.1,Thinks-I-to-myself,
4506,nyp.33433075849897,,"Flygare-CarlÃ©n, Emilie,",,1853,,f,,"Gustavus Lindorm, or, Lead us not into temptation",
6943,uc2.ark+=13960=t39z9258d,,"Thurston, Louise M.",,1872,,f,,The children of Amity court,
nyp.33433076056971,nyp.33433076056971,7649949,"Waller, Mary E. (Mary Ella),",Mary E,1907,,f,,The wood-carver of 'Lympus,
uc2.ark+=13960=t3319tv89,uc2.ark+=13960=t3319tv89,7646164,"Rosenkrantz, Palle, baron,",Palle,1908,,u,,The magistrate's own case,
14807,mdp.39015063556404,,"Opie, Amelia Alderson,",,1818,,f,v.2,New tales,
14092,mdp.39015063927506,,"Trollope, Thomas Adolphus,",,1870,,m,v.3,A siren,
14206,uiuo.ark+=13960=t8tb1rk9b,,"Tabor, Eliza.",,1864,,f,v.1,Janita's cross,
14398,njp.32101071988966,,"Dumas, Alexandre,",,1895,,m,v.4,Celebrated crimes,genre
4907,hvd.32044024346314,,,,1827,,u,,Nahant,
13773,uiuo.ark+=13960=t0bv8186f,,"(Georgiana Marion), Craik, Georgiana M.",,1879,,f,v.3,Dorcas,
9135,mdp.39015059376460,,,,1830,,u,v.38,The New British novelist;,
3400,nyp.33433081749974,,"Weir, James,",,1852,,m,,"Simon Kenton, or, The scout's revenge",
12999,nyp.33433075830319,,"Hugo, Victor,",,1866,,m,,Jargal,
4313,uc2.ark+=13960=t6n01191n,,"Hurstone, J. P.",,1808,,u,v.2,"Royal intrigues, or, Secret memoirs of four princesses",
uc2.ark+=13960=t7wm15j9z,uc2.ark+=13960=t7wm15j9z,7661269,"Hichens, Robert Smythe, 1864-1950.",Robert Smythe 1864-1950,1921,,m,,The spirit of the time;,
10511,uc2.ark+=13960=t15m6474t,,"Balzac, HonorÃ© de,",,1898,,m,v.1,The deputy from Arcis /[tr.] by G. Burnham Ives,
13592,nyp.33433074954961,,"Cullen, Margaret.",,1802,,f,v. 3,Home,
4703,nyp.33433074880943,,"Marryat, Frederick,",,1837,,m,v. 1,"Snarleyyow; or, The dog fiend",
14324,nyp.33433074915111,,"Lady Morgan, (Sydney),",,1806,,f,v. 1,The novice of Saint Dominick,genre
14176,uiuo.ark+=13960=t45q5ff94,,Royalist.,,1867,,u,v.1,The loyalist's daughter,
uc2.ark+=13960=t4sj1b73n,uc2.ark+=13960=t4sj1b73n,7659105,"Gale, Oliver Marble,",Oliver Marble,1909,,m,,A knight of the wilderness,
nyp.33433076074776,nyp.33433076074776,8658866,"Lockhart, Caroline,",Caroline,1915,,f,,The man from the bitter roots,
10446,mdp.39015065444757,,,,1818,,u,v.1,Manners,
11372,njp.32101068167129,,Dalton.,,1831,,u,vol.3,"Chartley, the fatalist",
14861,uiuo.ark+=13960=t98635387,,"(Margaret), Oliphant, Mrs.",,1879,,f,v.1,Within the precincts,
1018,nyp.33433074878574,,"Miss, Leslie,",,1841,,f,,Mr. and Mrs. Woodbridge,
1785,hvd.32044020546784,,"Sabin, Elijah R. (Elijah Robinson),",,1816,,m,,The life and reflections of Charles Observator,
14236,uc1.b250112,,"Lytton, Edward Bulwer Lytton,",,1860,,m,v.1,What will he do with it?,
14165,njp.32101068169547,,"Gaspey, Thomas William,",,1821,,m,vol.1,"Calthorpe; or, Fallen fortunes",
14724,uiuo.ark+=13960=t9c549718,,"Disraeli, Benjamin, Earl of Beaconsfield,",,1826,,m,v. 3,Vivian Grey,
1247,nyp.33433074945969,,"Aguilar, Grace,",,1852,,f,v. 2,The days of Bruce,
12524,nyp.33433076071400,,"Paxton, Philip,",,1855,,m,,The wonderful adventures of Captain Priest;,
11415,uva.x001130949,,"Marsh, Catherine,",,1859,,f,,A light for the line;,
14724,uiuo.ark+=13960=t9c549686,,"Disraeli, Benjamin, Earl of Beaconsfield,",,1826,,m,v. 5,Vivian Grey,
14101,nyp.33433074913264,,"Hervey, Elizabeth,",,1800,,f,v. 1,The Mourtray family,
14820,uiuo.ark+=13960=t8kd2ht61,,"Roche, Regina Maria,",,1807,,f,v.3,The discarded son;,
438,mdp.39015064002853,,"Mrs. Bray, (Anna Eliza),",,1815,,f,v.10,The novels and romances of Anna Eliza Bray,
uc2.ark+=13960=t6k06z94j,uc2.ark+=13960=t6k06z94j,665500,"(Irvin Shrewsbury), Cobb, Irvin S.",Irvin S,1915,,m,,"""Speaking of operations--""",
11264,uiuo.ark+=13960=t64467t7c,,"Nugent, George Nugent Grenville, Baron,",,1832,,m,v.2,Legends of the library at Lilies,
5773,mdp.39015056097093,,"Ford, James L. (James Lauren),",,1892,,m,,Dr. Dodd's school,
13624,mdp.39015063617438,,"Hook, James,",,1824,,m,v.3,Percy Mallory,
uc1.b4093264,uc1.b4093264,326659,"Gerould, Katharine Fullerton,",Katharine Fullerton,1922,,f,,Valiant dust,
10683,nnc1.1002187531,,"Elliott, Humphrey.",,1889,,m,,Adam Kent's choice;,
5691,wu.89087924841,,"Averill, Charles E.",,1848,,m,,"The secret service ship; or, The fall of San Juan d'Ulloa",
13167,uiuo.ark+=13960=t3029fh8p,,"Phillpotts, Mary Charlotte.",,1872,,f,v.1,Janet's choice,
12952,uc2.ark+=13960=t2r49hp23,,"Washburn, Katharine Sedgwick.",,1874,,f,,The Italian girl,
2087,nyp.33433075735468,,"WÃ_chter, Leonhard,",,1801,,m,,The black valley,
207,njp.32101067179091,,"Trollope, Anthony,",,1873,,m,v.1,Lady Anna,
13507,uiuo.ark+=13960=t1hh6x83c,,"Grey, Elizabeth Caroline.",,1852,,f,v.2,Mary Seaham. A novel,
14531,njp.32101038084743,,"Maturin, Charles Robert,",,1808,,m,vol.3,The wild Irish boy,
13184,uiuo.ark+=13960=t0gt67j4p,,"Parker, Emma.",,1823,,f,v.3,Aretas,
13958,njp.32101067630259,,"Boyd, Archibald,",,1850,,m,v.1,"The Duchess; or, Woman's love and woman's hate",
10148,nyp.33433082353966,,,,1827,,u,,"In school and out of school, or, The history of William and John",
6731,mdp.39015065815535,,"Yonge, Charlotte M. (Charlotte Mary),",,1885,,f,v.2,Nuttie's father,
8618,njp.32101063606386,,"Cooper, James Fenimore,",,1839,,m,v.1,Precaution,
13790,uiuo.ark+=13960=t8bg37n8b,,"Mudford, William 1782-1848.",,1831,,m,v.1,The premier,
13791,uiuo.ark+=13960=t6737599r,,"(Catherine Grace Frances), Gore, Mrs.",,1840,,f,v.3,Preferment;,
6851,uc1.b261268,,"Hillern, Frau Wilhelmine (Birch) von,",,1870,,f,,Only a girl,
uc2.ark+=13960=t5gb21c7f,uc2.ark+=13960=t5gb21c7f,6510571,"(Angela Mary) Keyes, Angela M.",Angela M,1911,,f,,Stories and story-telling,
6053,nyp.33433082526124,,"M. Arnaud,",,1886,,f,,One day in a baby's life,
3970,nyp.33433074895057,,"Marshall, Emma,",,1889,,f,,"Laurel crowns; or, Griselda's aim",
14214,uiuo.ark+=13960=t3tt50h1f,,"Gascoigne, Caroline Leigh Smith,",,1847,,f,v.1,Evelyn Harcourt,
3216,uc2.ark+=13960=t9377bp68,,"Stretton, Hesba,",,1895,,m,,Highway of sorrow at the close of the nineteenth century,
14548,nc01.ark+=13960=t5hb0039z,,"(Mary Elizabeth), Braddon, M. E.",,1863,,f,v.2,Aurora Floyd,
uc2.ark+=13960=t8hd7pc52,uc2.ark+=13960=t8hd7pc52,7648738,"Montgomery, Louise,",Louise,1912,,f,,Mrs. Mahoney of the tenement,
6693,nyp.33433074863592,,"James, G. P. R. (George Payne Rainsford),",,1859,,m,,The Cavalier,
8128,nyp.33433074868542,,"Mrs. Hofland, (Barbara),",,1816,,f,v. 2,The affectionate brothers,
2692,uc2.ark+=13960=t80k28b7s,,"(Edward Waterman), Townsend, Edward W.",,1897,,m,,Near a whole city full,
15083,nyp.33433074874292,,"Lewis, M. G. (Matthew Gregory),",,1808,,m,v. 4,Romantic tales,
5769,nyp.33433082524178,,"Barnes, James,",,1897,,m,,Yankee ships and Yankee sailors:--Tales of 1812,
14117,uiuo.ark+=13960=t84j0rz88,,"Besant, Walter, Sir,",,1883,,m,v.1,All in a garden fair;,
14486,mdp.39015063751906,,"Banim, John,",,1831,,m,v.1,The smuggler;,
6597,uc1.b287350,,"Man, George F.",,1840,,m,,The geranium leaf;,
2662,njp.32101066134949,,"Brittan, Harriette G.,",,1869,,f,,"Kardoo, the Hindoo girl",
nyp.33433074968201,nyp.33433074968201,119791,"Diver, Maud,",Maud,1917,,f,,Unconquered;,
5854,nyp.33433075743207,,"Sir, Scott, Walter,",,1823,,m,v. 2,Ivanhoe;,
1965,nyp.33433074902705,,"Macneill, Hector,",,1812,,m,v. 1-2,The Scottish adventurers,
14498,mdp.39015014117744,,"Porter, Anna Maria,",,1822,,f,v.3,Roche-blanche;,
10740,nyp.33433084129729,,"Bamford, Mary E. (Mary Ellen)",,1888,,f,,Father Lambert's family,
13717,inu.32000002629717,,"Grant, James,",,1876,,m,v.1,Did she love him?,
2331,uc1.b4104577,,"Slosson, Annie Trumbull,",,1890,,f,,Seven dreamers,
14550,uc2.ark+=13960=t9862fm20,,"Boswell, James,",,1896,,m,v.04,Boswell's Life of Johnson,nonfic
6217,nyp.33433074815444,,"Burdett, Charles,",,1856,,m,,Three per cent a month,
nc01.ark+=13960=t7hq46z81,nc01.ark+=13960=t7hq46z81,10938618,"King, Cardenio Flournoy,",Cardenio Flournoy,1908,,u,,The light of four candles,
3134,nyp.33433073356812,,"Turgenev, Ivan Sergeevich,",,1869,,m,v. 1,Liza,
10609,wu.89104495718,,"Mrs. Thayer, J.,",,1847,,f,,"The vacation, or, Mrs. Stanley and her children",
nyp.33433076048655,nyp.33433076048655,8679268,"Webb, Virginia.",Virginia,1901,,f,,One American girl,
13071,loc.ark+=13960=t9f484j11,,"Louis, Charles E. [from old catalog]",,1885,,m,, La countess,
437,mdp.39015064003000,,"Mrs. Bray, (Anna Eliza),",,1815,,f,v.9,The novels and romances of Anna Eliza Bray,
3998,uc1.b3325752,,"Semple, Robert,",,1806,,m,v.1,"Charles Ellis, or, The friends",
2916,wu.89098020019,,"Denison, Mary A. (Mary Andrews),",,1887,,f,,The Talbury girls,
nyp.33433076046410,nyp.33433076046410,7675885,"Whitson, John Harvey,",John Harvey,1907,,m,,The castle of doubt,
14099,njp.32101067178572,,"Trollope, Frances Milton,",,1835,,f,vol.1,Tremordyn cliff,
uc2.ark+=13960=t9f47k16q,uc2.ark+=13960=t9f47k16q,7665842,"Lippmann, Julie Mathilde,",Julie Mathilde,1905,,f,,Del's debt,
1003,njp.32101063579377,,,,1831,,u,v.2,The turf,
13661,uiuo.ark+=13960=t5q81zg6k,,"Tinsley, Lily.",,1886,,f,v.2,In the ring,
nyp.33433076090186,nyp.33433076090186,8659505,"Leonard, Mary Finley,",Mary Finley,1917,,f,,The ways of Jane,
14264,uiuo.ark+=13960=t4wh3727f,,"Pigott, Harriet,",,1804,,f,v.2,"The pride of ancestry: or, Who is she?",
6786,inu.39000006031079,,"Dumas, Alexandre,",,1893,,m,v.9,[Romances],
11877,nyp.33433074810452,,"Chellis, Mary Dwinell.",,1879,,f,,From father to son,
1647,hvd.32044038429833,,"Ware, William,",,1838,,m,v.1-2,Probus,
12165,njp.32101064751637,,"Wall, D.",,1819,,u,,"Twenty years confinement, or, The Casimirs",
uc2.ark+=13960=t93777r3g,uc2.ark+=13960=t93777r3g,7673253,"Stock, Ralph,",Ralph,1922,,m,,South of the line,
1206,nc01.ark+=13960=t41r7dc3s,,"(William Chambers), Bartlett, W. C.",,1890,,u,,An idyl of war-times,
6633,uc2.ark+=13960=t21c1vd0j,,,,1861,,u,,Favourite fairy tales,
10559,mdp.39015001131930,,"Florian,",,1827,,m,,Eleazar and Naphtaly,
1671,nyp.33433074901996,,"Mitchell, Donald Grant,",,1851,,m,,Dream life,
14693,nyp.33433075743074,,"Sir, Scott, Walter,",,1815,,m,v. 3,Guy Mannering;,
10173,uiuo.ark+=13960=t1bk2141g,,,,1812,,u,v.1-2,"Substance and shadow; or, The fisherman's daughters of brighten",
8078,uc2.ark+=13960=t3126594x,,"(Bithia Mary), Croker, B. M.",,1887,,f,,A bird of passage,
8923,nyp.33433074828843,,"Bates, Lizzie.",,1869,,f,,"The gabled house, or, Self-sacrifice",
14699,uiuo.ark+=13960=t4pk1235x,,"Walker, George,",,1803,,m,v.3,Don Raphael,
937,nyp.33433067303838,,"Colman, George,",,1817,,m,v. 2,The history of Elsmere and Rosa;,
809,nyp.33433061821561,,"Croker, Thomas Crofton,",,1829,,m,v. 1,Legends of the lakes,
njp.32101064788548,njp.32101064788548,8921481,"De Blácam, Aodh,",Aodh,1919,,u,,The ship that sailed too soon and other stories,
6192,nyp.33433076071855,,"[Jones, James Athearn]",,1825,,m,v. 2,The refugee,
8196,nyp.33433075786123,,"Jenkin, C. (Camilla),",,1863,,f,,Who breaks-pays,
11414,mdp.39015011393140,,"Sedgwick, Catharine Maria,",,1835,,f,v.2,The Linwoods;,
14237,uc1.b250118,,,,1803,,u,v.1,Letters of Miss Riversdale,
13828,uiuo.ark+=13960=t8rb7mk8v,,"Norton, Caroline Sheridan,",,1868,,f,v.3,Old Sir Douglas,
11067,nyp.33433076071152,,"Goldsmith, Oliver,",,1825,,m,v. 3,The miscellaneous works of Oliver Goldsmith,
nyp.33433074846431,nyp.33433074846431,8658721,"Curtiss, Philip Everett,",Philip Everett,1915,,m,,The ladder,
14227,uiuo.ark+=13960=t6g16bg6q,,"Cuthbertson, Catherine.",,1814,,f,v.2,"Santo Sebastiano, or, The young protector",
4824,hvd.hwadb9,,"Sir, Scott, Walter,",,1829,,m,v.13,The Waverley novels,
629,nyp.33433074931241,,"Bullard, A. T. J. (Anne Tuttle Jones)",,1853,,u,,"Matrimony: or, Love affairs in our village twenty years ago",
11499,hvd.hwe9v6,,"Mrs. Bray, (Anna Eliza),",,1839,,f,v.2,Trials of the heart,
14686,uiuo.ark+=13960=t1vd7g25q,,"(Marmion Wilard), Savage, M. W.",,1852,,m,v.2,"Reuben Medlicott, or, The coming man",
uc2.ark+=13960=t1gh9c38r,uc2.ark+=13960=t1gh9c38r,7668453,"Craddock, Charles Egbert,",Charles Egbert,1906,,m,,The story of old Fort Loudon,
13504,uiuo.ark+=13960=t3tt50d2k,,"Fisher, Miss, novelist.",,1849,,f,v.3,Family failings,
6012,nyp.33433075729750,,"Edgeworth, Maria,",,1834,,f,v. 2,Helen,
nyp.33433082180534,nyp.33433082180534,8655158,"Thompson, Ruth.",Ruth,1922,,f,,Comrades of the desert,
loc.ark+=13960=t02z1st2p,loc.ark+=13960=t02z1st2p,9581990,"Addison, Joseph,",Joseph,1900,,m,,Sir Roger de Coverley,
9978,mdp.39015064001673,,"Defoe, Daniel,",,1840,,m,v.7,The novels and miscellaneous works,
14242,uiuo.ark+=13960=t09w0s33v,,"Broughton, Rhoda,",,1872,,f,v.3," Good-bye, Sweetheart!",
9957,mdp.39015030197704,,"Mühlbach, L. (Luise),",,1886,,f,,Goethe and Schiller,
13265,uiuo.ark+=13960=t7qn6n28p,,"Kelly, Isabella,",,1813,,f,v.4,"Jane de Dunstanville, or, Characters as they are",
13993,uiuo.ark+=13960=t7zk5x86t,,"(George Payne Rainsford), James, G. P. R.",,1848,,m,v.3,"Beauchamp: or, The error",
12055,uc2.ark+=13960=t4th8qw59,,"Everett-Green, Evelyn,",,1898,,f,,A clerk of Oxford,
15079,uiuo.ark+=13960=t5gb2n32w,,"(Mary Elizabeth), Braddon, M. E.",,1883,,f,v.3,The golden calf,
1168,uiuo.ark+=13960=t6834466q,,"Cornish, Miss.",,1857,,f,v.2,Northwode priory,
11248,njp.32101074759737,,"""Mrs. Cornwell Baron-Wilson,"", Wilson, Margaret Harries Baron,",,1839,,f,vol. 2,"Memoirs of Harriot, duchess of St. Albans",nonfic
2382,mdp.39015063923901,,"Housman, Clemence.",,1896,,f,,The were-wolf;,genre
7465,nyp.33433082289871,,"A. L. O. E.,",,1861,,f,,"The giant killer, or, The battle which all must fight",
699,njp.32101068175445,,"Byrne, Mary",,1874,,f,vol.2,Ingram Place. A novel,
mdp.39015004946813,mdp.39015004946813,587666,"Burroughs, John,",John,1922,,m,,John Burroughs talks,nonfic
7094,njp.32101068140746,,"Holmes, Oliver Wendell,",,1885,,m,,A mortal antipathy;,
uc2.ark+=13960=t3cz39j92,uc2.ark+=13960=t3cz39j92,6131614,"Watts, Mary Stanbery,",Mary Stanbery,1908,,f,,The tenants,
2406,njp.32101067640910,,,,1814,,u,,Things by their right names;,
uva.x030833208,uva.x030833208,7662109,"Henry, O.,",O,1910,,m,,Strictly business,
5788,nyp.33433074866678,,"Kingston, William Henry Giles,",,1872,,m,,Count Ulrich of Lindburg,
14323,uc1.b250217,,"Marsh-Caldwell, Anne,",,1849,,f,v. 1,"Mordaunt hall; or, A September night",
4300,njp.32101067629343,,"Barrie, J. M. (James Matthew),",,1893,,m,,Two of them,
uc2.ark+=13960=t7dr2q88x,uc2.ark+=13960=t7dr2q88x,7665746,"Miller, Harriet Mann,",Harriet Mann,1904,,f,,Kristy's queer Christmas,
14256,uiuo.ark+=13960=t9s18mq71,,"Sutherland, Alexander, Lieutenant.",,1823,,m,v.4,Macrimmon,
4101,nyp.33433074909916,,"Defoe, Daniel,",,1809,,m,v. 2,Memoirs of a cavalier,
8695,mdp.39015059375942,,"Bynner, Edwin Lassetter,",,1881,,m,,Damen's ghost,
13264,uiuo.ark+=13960=t9d517v44,,,,1890,,u,v.3,The rajah's heir,
14627,nyp.33433074875935,,"MacDonald, George,",,1863,,m,v. 1,David Elginbrod,
4434,uiuo.ark+=13960=t3pv74d80,,"Siddons, Henry,",,1804,,m,v.2,Virtuous poverty,
8076,uiuo.ark+=13960=t5p84ks3f,,,,1852,,u,v.3,Clara Harrington,
13670,uiuo.ark+=13960=t49p39n8t,,"Ashe, Thomas,",,1811,,m,v.1,"The spirit of  The book;  or, Memoirs of Caroline Princess of Hasburgh",
14,nyp.33433067303937,,"Roche, Regina Maria,",,1807,,f,v. 1,"The discarded son; or, Haunt of the banditti",
2600,nc01.ark+=13960=t89g62h7t,,"Cobb, Cyrus,",,1870,,m,,The veteran of the Grand Army,
uva.x030801560,uva.x030801560,9776321,"Savile, Frank (Frank Mackenzie)",Frank,1911,,m,,The road;,
14591,uiuo.ark+=13960=t2m62333s,,"Jennings, Louis John,",,1891,,m,v.2,The Philadelphian,
14588,uc1.b3325430,,"Edgeworth, Maria,",,1817,,f,v. 1,Harrington,
mdp.39015034032949,mdp.39015034032949,2976797,"Marx, Magdeleine.",Magdeleine,1921,,u,,You,
13087,uiuo.ark+=13960=t6d22977v,,"Ellis, Sarah Stickney,",,1846,,f,v.1,Temper and temperament;,
13457,uiuo.ark+=13960=t85h8434p,,"Parker, Emma,",,1815,,f,v.2,The guerrilla chief,
14152,uiuo.ark+=13960=t0zp4pz92,,"Young, Mary Julia.",,1803,,f,v.4,"Right and wrong; or, The kinsmen of Naples",
1817,uiuo.ark+=13960=t0pr85z1q,,"Grey, Herbert.",,1859,,m,v.2,The three paths,
4472,njp.32101042589984,,"Reynolds, George W. M. (George William MacArthur),",,1845,,m,,Robert Macaire in England,
14287,uiuo.ark+=13960=t1jh3wp5g,,"Curling, Henry,",,1846,,m,v.3,John of England,
15031,uiuo.ark+=13960=t19k4wg1r,,"Merrywhistle, Marmaduke.",,1822,,m,v.1,Isn't it odd?,
7208,uiuo.ark+=13960=t9w09nn61,,"Palmer, John, 1742?-1798.",,1811,,m,v.1,Like master like man,
11616,wu.89015570211,,"Balzac, Honoré de,",,1899,,m,12,The novels of Balzac,
loc.ark+=13960=t55d93j72,loc.ark+=13960=t55d93j72,11211989,"Haynes, Williams,",Williams,1916,,m,,Sandhill sketches,
14972,uiuo.ark+=13960=t13n2p06g,,"(John Kirkwood), Leys, John K.",,1888,,m,v.3,The Lindsays,
5644,hvd.32044019953504,,"Mant, Alicia Catherine,",,1822,,f,,The cottage in the chalk-pit,
14188,uiuo.ark+=13960=t5t732x5h,,"Yates, Edmund Hodgson,",,1867,,m,v.1,The forlorn hope,
13286,uiuo.ark+=13960=t0ms47n5n,,"M'Donogh, Felix,",,1824,,m,v.3,The highlanders,
5643,njp.32101068163946,,,,1802,,u,,"The monk of the grotto; or, Eugenio and Virginia;",
13877,njp.32101068601986,,"Reynolds, George W. M. (George William MacArthur),",,1850,,m,v.3,The mysteries of the court of London,
uc2.ark+=13960=t8jd4rr6g,uc2.ark+=13960=t8jd4rr6g,7659799,"French, Allen,",Allen,1901,,m,,The colonials;,
5475,njp.32101068972270,,"Lamas, Maria.",,1849,,f,,The glass,
13847,mdp.39015065769419,,"Surr, T. S. (Thomas Skinner),",,1801,,m,v.1,Splendid misery,
loc.ark+=13960=t6d22gz0z,loc.ark+=13960=t6d22gz0z,9584746,"Hauser, Magdalena. [from old catalog]",Magdalena. [from old catalog],1900,,f,,The punishment of Dirce,
nyp.33433079897850,nyp.33433079897850,8658946,"Billings, Edith S.",Edith S,1917,,f,,Cleomenes,
9320,njp.32101066455500,,"Bowdler, H. M. (Henrietta Maria),",,1830,,u,,"Pen Tamar, or, The history of an old maid",
nyp.33433075741912,nyp.33433075741912,8667588,"Rhys, Grace Little,",Grace Little,1901,,f,,The wooing of Sheila,
2226,mdp.39015063549417,,"Goodwin, Maud Wilder,",,1896,,f,,White aprons,
12021,nyp.33433074862743,,"Mrs., Hall, S. C.,",,1835,,f,,Tales of woman's trials,
13712,mdp.39015058488787,,"Cooper, James Fenimore,",,1829,,m,v.3,The borderers,
9989,mdp.39015010787490,,"L. E. L. (Letitia Elizabeth Landon),",,1832,,f,v.1-2,Romance and reality,
uc1.$b473424,uc1.$b473424,7648250,"Kreutz, Rudolf Jeremias,",Rudolf Jeremias,1919,,m,,Captain Zillner; a human document,
2287,uc1.b3324273,,"Scotus, Johannes.",,1862,,m,v. 2,The weird of the Wentworths;,
14914,uiuo.ark+=13960=t6b28f15h,,"Murray, Hugh,",,1814,,m,v.2,"Corasmin; or, The minister;",
14229,uiuo.ark+=13960=t6h13cz91,,"Fenn, George Manville,",,1871,,m,v.2,The sapphire cross,
14138,uiuo.ark+=13960=t6zw21w1d,,"Payn, James,",,1878,,m,v.1,Less black than we're painted,
933,nyp.33433034410336,,"Montgomery, Florence,",,1882,,f,,Misunderstood,
13834,mdp.39015059415599,,"James, G. P. R. (George Payne Rainsford),",,1830,,m,v.1,"Darnley; or, the field of the cloth of gold",
7626,loc.ark+=13960=t4mk6wk2z,,"Cromwell, Ruth Natalie.",,1864,,f,,Nancy Blake letters to a western cousin,
nyp.33433075757942,nyp.33433075757942,8670556,"Welles, Charles Stuart.",Charles Stuart,1901,,m,,The Ellwoods,
4516,nyp.33433074892609,,"Mason, E. M. (Emily Margaret)",,1897,,f,,Panacea,
11792,nyp.33433076021645,,"Stephens, Ann S. (Ann Sophia),",,1863,,f,,The rejected wife,
14218,uiuo.ark+=13960=t18k7zc9x,,,,1873,,u,v.3,Ravensdale,
12061,njp.32101068178688,,"Herbert, Henry William,",,1853,,m,,The chevaliers of France,
uc2.ark+=13960=t7np2140g,uc2.ark+=13960=t7np2140g,7690867,"Moffat, Henry Y.",Henry Y,1911,,m,,From ship's-boy to skipper; with variations,
13900,uiuo.ark+=13960=t6b28444n,,,,1881,,u,v.3,Amat,
3940,njp.32101067629970,,"Mrs. Bray, (Anna Eliza),",,1884,,f,,Courtenay of Walreddon,
14126,uiuo.ark+=13960=t9g45bv5n,,"Reade, Charles,",,1871,,m,v.1,A terrible temptation,
832,nyp.33433075808000,,,,1809,,m,v. 1,The Child of thirty-six fathers,
14369,uc1.b3321187,,"Boyd, Archibald.",,1856,,m,v.1,The crown ward,
wu.89099785826,wu.89099785826,9187146,"Scott, R. T. M. (Reginald Thomas Maitland),",R. T. M. Reginald Thomas Maitland,1927,1887,m,,Aurelius Smith-detective.,genre
mdp.39015031224499,mdp.39015031224499,743546,"Bennett, John.",John,1975,1935,m,,Anarchistic murmurs from a high mountain valley / | $c: John Bennett.,nonfic
uc1.$b63787,uc1.$b63787,6580091,"Skidmore, Hubert,",Hubert,1938,1909,m,,Heaven came so near.,
mdp.39015062631851,mdp.39015062631851,5093198,"Bacho, Peter.",Peter,2005,1965,m,,Entrys / | $c: Peter Bacho.,
mdp.39015018950736,mdp.39015018950736,2204498,"Ames, Jonathan.",Jonathan,1989,1949,m,,I pass like night / | $c: Jonathan Ames.,
mdp.39015082389373,mdp.39015082389373,1025073,"Behan, Brendan.",Brendan,1963,1923,m,,Hold your hour and have another. | $c: Decorations by Beatrice Behan.,
mdp.39015002337742,mdp.39015002337742,1185265,"Pa, Chin,",Chin,1972,1932,m,,Family | $c: [by] Pa Chin. Introd. by Olga Lang.,
mdp.39015057604582,mdp.39015057604582,3884200,"Coker, Rita Akoto.",Rita Akoto,2001,1961,f,,Serwah : | the saga of an African princess / | $c: Rita Akoto Coker.,
mdp.39015002717034,mdp.39015002717034,1377300,"Richie, Donald,",Donald,1968,1928,m,,Companions of the holiday; | a novel.,
wu.89100006006,wu.89100006006,810486,"Aldor, Francis.",Francis,1940,1900,m,,"Germany's ""death space"" : | the Polish tragedy.",nonfic
mdp.39015030375557,mdp.39015030375557,1796394,"Gourmont, Remy de,",Remy de,1925,1858,u,,"A virgin heart; | a novel, | $c: by Remy de Gourmont, authorized translation by Aldous Huxley.",
mdp.39015002713280,mdp.39015002713280,1377011,"Quin, Ann,",Ann,1969,1936,f,,Passages : | a novel.,
mdp.39015002583386,mdp.39015002583386,671092,"Naughton, Bill.",Bill,1970,1930,m,,Alfie darling; | a novel.,
mdp.39015051771882,mdp.39015051771882,3863196,"Chāt Kō̜pčhitti,",Chāt Kō̜pčhitti,2002,1962,u,,Mad dogs & Co / | $c: Chart Korbjitti ; translated from the Thai by Marcel Barang.,
mdp.39015041774673,mdp.39015041774673,3239662,"Epton, Nina Consuelo.",Nina Consuelo,1996,1956,f,,Beloved Empress Mumtaz Mahal : | a historical novel / | $c: Nina Epton.,
mdp.39015008466735,mdp.39015008466735,1059759,"Leonov, Leonid,",Leonid,1936,1899,u,,Skutarevsky / | $c: by Leonid Leonov ;translated by Alec Brown.,
mdp.39015054089589,mdp.39015054089589,3779638,"Rice, Anne,",Anne,1979,1939,f,,The feast of All Saints / | $c: Anne Rice.,
mdp.39015050608044,mdp.39015050608044,822018,"Middleton, Stanley,",Stanley,1986,1919,m,,An after-dinner's sleep / | $c: Stanley Middleton.,
uc1.$b406358,uc1.$b406358,9365739,"Brown, Lillian.",Lillian,1951,1911,f,,Cleopatra slept here; | illustrated by the Strimbans.,
mdp.39015064097697,mdp.39015064097697,5109615,"Śṟīkanṭhannāyar, Si. En.,",Si. En,2005,1965,u,,Retelling the Ramayana : | voices from Kerala / | $c: C.N. Sreekantan Nair & Sarah Joseph ; translated from the Malayalam by Vasanthi Sankaranarayanan.,
mdp.39015029507400,mdp.39015029507400,762194,"Mitchell, W. O. (William Ormond),",W. O. William Ormond,1981,1914,m,,How I spent my summer holidays : | a novel / | $c: by W.O. Mitchell.,
uc1.b3477900,uc1.b3477900,6663130,"Barron, D. G. (Donald Gabriel)",D. G. Donald Gabriel,1969,1929,m,,The man who was there | $c: [by] Donald Barron.,
pst.000027234310,pst.000027234310,12279778,"Price, Eugenia.",Eugenia,1969,1929,f,,New moon rising.,
inu.39000003007981,inu.39000003007981,6062444,"Flather, Horace.",Horace,1976,1936,m,,Thaba Rau / | $c: Horace Flather.,
uc1.$b85976,uc1.$b85976,6592651,"Beresford-Howe, Constance.",Constance,1947,1907,f,,"Of this day's journey, | $c: Constance Beresford-Howe.",
uc1.$b794981,uc1.$b794981,592238,"Leacock, Stephen,",Stephen,1938,1869,m,,"Model memoirs and other sketches from simple to serious, | $c: by Stephen Leacock.",
uc1.b3847272,uc1.b3847272,6733311,"Asomugha, Chibuzo.",Chibuzo,1992,1952,u,,Strings / | $c: Chibuzo Asomugha.,
pst.000033759876,pst.000033759876,8160933,"Yang, William,",William,1990,1950,m,,"BodyWork : | confessions from the funeral trade / | $c: William Yang, photographs ; Chris Pip, text.",nonfic
inu.32000005570546,inu.32000005570546,6063848,"Kipling, Rudyard,",Rudyard,1934,1865,m,,Collected dog stories. | $c: Illus. by G. L. Stampa.,
uc1.$b59018,uc1.$b59018,6577422,"Stone, William Standish,",William Standish,1946,1906,m,,"Tahiti landfall, | $c: by William S. Stone; decorations by Nicolas Mordvinoff, photographs by Prudence and Igor Anziferoff Allan.",
mdp.39015030042892,mdp.39015030042892,1188730,"Winslow, Thyra Samter,",Thyra Samter,1932,1892,u,,"Blueberry pie and other stories, | $c: by Thyra Samter Wilson.--",
mdp.39015028871807,mdp.39015028871807,2801555,"Smith, Scott B.",Scott B,1993,1953,m,,A simple plan : | a novel / | $c: by Scott Smith.,
uc1.$b56408,uc1.$b56408,6575867,"Cooke, Charles,",Charles,1938,1898,m,,"Big show, | $c: by Charles Cooke.",
mdp.39015032647722,mdp.39015032647722,1194821,"Viereck, George Sylvester,",George Sylvester,1928,1884,m,,My first two thousand years : | the atobiography of the Wandering Jew.,
inu.30000118322373,inu.30000118322373,6946435,"Zobarskas, Nola M.",Nola M,1964,1924,f,,"The mountain doves, | and other African folk tales. | $c: Edited by Nola M. Zobarskas. Illus. by Pramas Lapė. Foreword by Clarence R. Decker.",
mdp.39015038906601,mdp.39015038906601,1187146,"Thomas, Audrey Callahan.",Audrey Callahan,1970,1930,f,,Mrs. Blood.,
mdp.39015052372482,mdp.39015052372482,3511219,,,2000,1960,u,,Contemporary Gujarati short stories : | an anthology / | $c: edited by Kishore Jadav with critical introduction.,
uc1.$b56187,uc1.$b56187,6575719,"Purcell, Patrick A.",Patrick A,1946,1906,m,,"The quiet man, | $c: by Patrick Purcell.",
pst.000010830468,pst.000010830468,9812994,"Fast, Julius,",Julius,1983,1919,m,,"Sexual chemistry : | what it is, how to use it / | $c: by Julius Fast and Meredith Bernstein.",nonfic
inu.39000005013748,inu.39000005013748,6931521,"Philip, Neil.",Neil,1989,1949,m,,The Cinderella story / | $c: Neil Philip,
mdp.39015000643026,mdp.39015000643026,303149,"Monsarrat, Nicholas,",Nicholas,1951,1910,m,,The cruel sea.,
mdp.39015002756834,mdp.39015002756834,1377848,"Saroyan, William,",William,1937,1908,m,,Little children.,
inu.39000001015085,inu.39000001015085,7022529,"Antonov, S. F. (Sergeĭ Fedorovich),",S. F. Sergeĭ Fedorovich,1984,1944,u,,A light in the distance : | stories about Lenin / | $c: Sergei Antonov ; [translated from the Russian by Tracy Kuehn].,
mdp.39015016986682,mdp.39015016986682,1945228,"(Keng Thye) Woo, K.T.",K.T,1989,1949,u,,Encounter and other stories / | $c: Woo Keng Thye.,
uc1.$b102374,uc1.$b102374,6601787,"Koning, Hans.",Hans,1958,1918,m,,The affair.,
mdp.39015022281169,mdp.39015022281169,2534257,"Drakulić, Slavenka,",Slavenka,1992,1952,u,,Holograms of fear / | $c: Slavenka Drakulić.,
mdp.39015033350110,mdp.39015033350110,725607,"Sutherland, Margaret.",Margaret,1976,1936,f,,The love contract / | $c: Margaret Sutherland.,
mdp.39015047770618,mdp.39015047770618,632476,"Frye, John,",John,1985,1945,m,,"North to Thule : | an imagined narrative of the famous ""lost"" sea voyage of Pytheas of Massalia in the fourth century B.C. / | $c: John and Harriet Frye ; illustrations by Harriet Frye.",
uc1.b3554695,uc1.b3554695,6673795,"Johnson, E. W. (Edward Warren),",E. W. Edward Warren,1969,1929,m,,Short stories international | $c: [compiled by] E. W. Johnson.,
uc1.b4088425,uc1.b4088425,1443644,,,1929,1889,u,,Schlump; | the story of a German soldier told by himself; | $c: translated from the German by Maurice Samuel.,
mdp.39015019629107,mdp.39015019629107,2426033,"Thornton, Lawrence,",Lawrence,1990,1950,m,,Under the gypsy moon : | a novel / | $c: by Lawrence Thornton.,
mdp.39015052624841,mdp.39015052624841,3518612,"Nair, Anita.",Anita,1999,1959,f,,The better man / | $c: Anita Nair.,
uc1.b4927749,uc1.b4927749,9494250,,,1981,1941,u,,The road to Brightcity and other stories / | $c: Mairtin O Cadhain ; translated from the Irish by Eoghan O Tuairisc.,
mdp.39015042819410,mdp.39015042819410,4010983,"González, Genaro,",Genaro,1998,1958,m,,The Quixote cult / | $c: Genaro González.,
mdp.39015031941621,mdp.39015031941621,466944,"Solberg, Gunard.",Gunard,1969,1929,u,,Shelia.,
mdp.39015063918158,mdp.39015063918158,205373,"Fletcher, J. S. (Joseph Smith),",J. S. Joseph Smith,1925,1863,m,,"False scent, | $c: by J. S. Fletcher.",
uc1.$b245093,uc1.$b245093,6499237,"Van Doren, Mark,",Mark,1935,1894,m,,"The transients, | $c: by Mark Van Doren.",
uc1.32106001690483,uc1.32106001690483,7123126,"Kielty, Bernardine.",Bernardine,1947,1907,f,,"A treasury of short stories; | favorites of the past hundred years from Turgenev to Thurber, from Balzac to Hemingway; with biographical sketches of the authors. | $c: Edited by Bernardine Kielty.",
pst.000061286740,pst.000061286740,9819832,"Kimmel, Eric A.",Eric A,2006,1966,m,,The lady in the blue cloak : | legends from the Texas missions / | $c: retold by Eric A. Kimmel ; illustrated by Susan Guevara.,
mdp.39015011253112,mdp.39015011253112,472080,"Benét, Stephen Vincent,",Stephen Vincent,1942,1898,m,v.2,Selected works of Stephen Vincent Benét ...,
inu.32000002872937,inu.32000002872937,1417443,"(Archibald Joseph), Cronin, A. J.",Cronin A. J,1937,1896,u,,The citadel.,
mdp.39015055467966,mdp.39015055467966,3795294,"Lerner, Ted.",Ted,1999,1959,m,,"Hey, Joe : | a slice of the city, an American in Manila-- / | $c: Ted Lerner.",
miun.aje0467.0001.001,miun.aje0467.0001.001,1910027,"Dreiser, Theodore,",Theodore,1928,1871,m,,"The ""genius"", / | $c: by Theodore Dreiser.",
mdp.39015059159205,mdp.39015059159205,4737527,"Dick, Philip K.",Philip K,2004,1964,m,,Vulcan's hammer / | $c: by Philip K. Dick.,genre
mdp.39015058523633,mdp.39015058523633,1869136,"Harper-Collins, R S",R S,1943,1903,u,,"The opportunists, and other Burma tales, | $c: by ""Snilloc"".",
mdp.39015035804684,mdp.39015035804684,246886,"Payne, Elisabeth Stancy.",Elisabeth Stancy,1930,1890,f,,"Easy street, | $c: by Elizabeth Stancy Payne.",
mdp.39015052548800,mdp.39015052548800,3862758,"Hamid, Shamim.",Shamim,2002,1962,u,,Zuleikha's Dream and other stories / | $c: Shamim Hamid.,
mdp.39015061750819,mdp.39015061750819,4725047,"Dunbar, Wylene.",Wylene,2004,1964,f,,My life with corpses / | $c: Wylene Dunbar.,
mdp.39076000863071,mdp.39076000863071,9911358,"Lattimore, Eleanor Frances,",Eleanor Frances,1958,1904,f,,"Happiness for Kimi, | $c: written and illustrated by Eleanor Frances Lattimore.",
uc1.32106019169157,uc1.32106019169157,5408789,"Harris, Thomas,",Thomas,2006,1966,m,,Hannibal rising : | a novel / | $c: by Thomas Harris,
mdp.39015053117845,mdp.39015053117845,3573753,"Cornwell, Patricia Daniels.",Patricia Daniels,2001,1961,f,,Isle of dogs / | $c: Patricia Cornwell.,
inu.30000067783708,inu.30000067783708,9677387,"McOmber, Adam.",Adam,2001,1961,m,,The animal room / | $c: Adam McOmber.,
uc1.$b787222,uc1.$b787222,9954021,"Mitchell, Mary,",Mary,1949,1893,f,,Black crusade / | $c: by Mary Mitchell.,
osu.32435063107387,osu.32435063107387,100825373,"De Ruischer, Cornelius,",Cornelius,1954,1914,m,,The dawn came late.,
mdp.39015065973151,mdp.39015065973151,1474398,"Haldane, Charlotte.",Charlotte,1926,1886,f,,"Man's world,",
uc1.32106018018066,uc1.32106018018066,7145553,"Caldwell, Joseph,",Joseph,1993,1953,m,,The uncle from Rome / | $c: Joseph Caldwell,
pst.000006159320,pst.000006159320,9815438,"Nathan, Robert,",Robert,1958,1894,m,,So love returns.,
uc1.b3710978,uc1.b3710978,10147171,"Beck, L. Adams (Lily Adams),",L. Adams Lily Adams,1928,1888,f,,"The empress of hearts, | $n: by E. Barrington.",
mdp.39015008563036,mdp.39015008563036,354950,"Arlen, Michael,",Michael,1931,1895,m,,"Men dislike women, | a romance.",
uc1.b2800520,uc1.b2800520,7315004,"La Capria, Raffaele,",Raffaele,1964,1924,m,,The mortal wound / | $c: by Raffaele La Capria ; translated by Marguerite Waldman.,
uc1.$b80883,uc1.$b80883,6589527,"Pozner, Vladimir,",Vladimir,1938,1905,u,,"Bloody Baron, | the story of Ungern-Sternberg, | $c: by Vladimir Pozner; translated from the French by Warre Bradley Wells.",nonfic
mdp.39015033583215,mdp.39015033583215,1220002,"Silone, Ignazio,",Ignazio,1953,1900,u,,A Handful of blackberries / | $c: by Ignazio Silone ; translated by Darina Silone.,
inu.39000002201098,inu.39000002201098,9401098,"Traven, B.",B,1979,1939,u,,The cotton-pickers / | $c: B. Traven.,
mdp.39015040721345,mdp.39015040721345,3143738,"Hofmann, Gert.",Gert,1995,1955,u,,The film explainer / | $c: Gert Hofmann ; translated from the German by Michael Hofmann.,
mdp.39015000595713,mdp.39015000595713,717062,"Oren, Abba.",Abba,1975,1935,u,,"The kibbutz of the ""Good Earth"" and global communism : | as documented by Dr. Randel A Mc Donald / | $c: Abba Oren.",nonfic
mdp.39015016435607,mdp.39015016435607,438532,"Hinde, Thomas,",Thomas,1953,1913,m,,Mr. Nicholas | $c: [by] Thomas Hinde.,
mdp.49015002826510,mdp.49015002826510,4544804,"Cussler, Clive.",Clive,1988,1948,m,,Treasure : | a novel / | $c: Clive Cussler.,
pst.000006706227,pst.000006706227,7025701,"Phillpotts, Eden,",Eden,1927,1862,m,v.9,Eden Phillpotts's Dartmoor novels ... / | $c: [with an introduction by Arnold Bennett.,
uc1.$b300320,uc1.$b300320,6533649,"Gale, Zona,",Zona,1927,1874,f,,"Yellow gentians and blue, | $c: by Zona Gale.",
mdp.39015077239450,mdp.39015077239450,5872578,"Başar, Kürşat,",Kürşat,2007,1967,u,,Music by my bedside / | $c: Kürşat Başar ; [translated by Çiğdem Aksoy Fromm].,
uc1.b4439293,uc1.b4439293,6240235,"Dubin, William D.",William D,1968,1928,m,,The glitter and the gold.,
mdp.39015047649184,mdp.39015047649184,988227,"Bandyopādhyāẏa, Bibhūtibhūshaṇa,",Bibhūtibhūshaṇa,1973,1933,m,v.2,Pather panchali. | $c: Transcreated from the Bengali by Monika Varma.,
uc1.$b104057,uc1.$b104057,6602744,"Raphaelson, Dorshka.",Dorshka,1948,1908,u,,Morning song / | $c: Dorshka Raphaelson.,
uc1.32106009025179,uc1.32106009025179,2579377,"Picano, Felice,",Felice,1989,1949,m,,Men who loved me : | a memoir in the form of a novel / | $c: Felice Picano.,
uc1.$b105435,uc1.$b105435,6603548,"Shercliff, Jose.",Jose,1954,1914,m,,Jane Avril of the Moulin Rouge; | with 13 Toulouse-Lautrec drawings.,nonfic
uc1.b2838975,uc1.b2838975,10189557,"(Novelist) Murray, James",James,1932,1892,m,,Coloured. A glimpse of a quadroon girl.,
mdp.39015019957086,mdp.39015019957086,594018,"Read, Piers Paul,",Piers Paul,1986,1946,m,,The free Frenchman : | a novel / | $c: by Piers Paul Read.,
uc1.$b300888,uc1.$b300888,6534042,"Hobson, Coralie von Werner, Mrs.,",Coralie von Werner Mrs,1928,1888,u,,A tiny seed of love and other stories ...,
mdp.49015003393791,mdp.49015003393791,4467435,"Lovecraft, H. P. (Howard Phillips),",H. P. Howard Phillips,1963,1890,m,,The Dunwich horror and others / | $c: H.P. Lovecraft ; selected by August Derleth ; with texts edited by S.T. Joshi ; and an introduction by Robert Bloch.,genre
uc1.b4951396,uc1.b4951396,9495827,"Phillips, J. J.,",J. J,1985,1945,u,,Mojo hand : | an orphic tale / | $c: J.J. Phillips,
mdp.39015033969299,mdp.39015033969299,2970810,"Fauset, Jessie Redmon.",Jessie Redmon,1990,1950,f,,Plum bun : | a novel without a moral / | $c: Jessie Redmon Fauset ; with an introduction by Deborah E. McDowell.,
uc1.$b243100,uc1.$b243100,6497897,"Heyward, DuBose,",DuBose,1929,1885,m,,The half pint flask | $c: [by] Du Bose Heyward.,
uc1.$b86315,uc1.$b86315,6592878,"Baumer, Marie,",Marie,1949,1909,f,,The seeker and the sought / | $c: by Marie Baumer.,
uc1.b3862166,uc1.b3862166,754137,"Pinget, Robert.",Robert,1978,1938,m,,Passacaglia : | a novel / | $c: Robert Pinget ; translated by Barbara Wright.,
uc1.$b803497,uc1.$b803497,9951081,"Yeulett, M.",M,1939,1899,u,,"The graven image,",
mdp.39015000634546,mdp.39015000634546,537312,"Lawson, Henry,",Henry,1944,1867,m,,Three stories.,
uc1.b4450936,uc1.b4450936,2443221,"Fraser, Margot,",Margot,1990,1950,f,,The laying out of Gussie Hoot / | $c: Margot Fraser.,
mdp.39015007067815,mdp.39015007067815,592160,"Koestler, Arthur,",Arthur,1972,1905,m,,The call-girls: | a tragi-comedy with prologue and epilogue.,
mdp.39015001455750,mdp.39015001455750,101391,,,1982,1942,u,,Speculations / | $c: edited by Isaac Asimov and Alice Laurance.,genre
wu.89093078210,wu.89093078210,5792258,"Schroeder, Heather Lee.",Heather Lee,2006,1966,f,,Luck child / | $c: by Heather Lee Schroeder.,
mdp.39015021862308,mdp.39015021862308,2473454,"Morrison, Toni.",Toni,1989,1949,f,c.1,Song of Solomon / | $c: Toni Morrison.,
mdp.39076002266307,mdp.39076002266307,9926967,"Brink, Carol Ryrie,",Carol Ryrie,1941,1895,f,,Lad with a whistle / | $c: by Carol Ryrie Bink ; illustrated by Robert Ball.,
mdp.39015000523301,mdp.39015000523301,1194983,"(Pelham Grenville), Wodehouse, P. G.",Wodehouse P. G,1935,1881,m,,"Jill the reckless,",
pst.000068979775,pst.000068979775,12277102,"Dixon, Peter L.,",Peter L,1966,1926,m,,Men and waves : | a treasury of surfing / | $c: by Peter L. Dixon.,
mdp.39015040069356,mdp.39015040069356,3955296,"Kersh, Jack.",Jack,1997,1957,m,,Hotel Sarajevo / | $c: Jack Kersh.,
uc1.b4450144,uc1.b4450144,6242035,"Zimmerman, Bruce.",Bruce,1991,1951,m,,Thicker than water : | a novel / | $c: by Bruce Zimmerman.,
mdp.39015002341173,mdp.39015002341173,1111794,"García Márquez, Gabriel,",Gabriel,1972,1932,m,,"Leaf storm, and other stories. | $c: Translated from the Spanish by Gregory Rabassa. -",
mdp.39015031297578,mdp.39015031297578,633428,"Mitchell, Paige.",Paige,1967,1927,u,,Love is not a safe country.,
uc1.b4091004,uc1.b4091004,1910891,"Powell, Anthony,",Anthony,1953,1905,m,copy 2,What's become of Waring.,
mdp.39015030716156,mdp.39015030716156,1186229,"Stanley, Edward,",Edward,1949,1909,m,,The rock cried out.,
pst.000021813252,pst.000021813252,12257006,"McIntyre, Vonda N.",Vonda N,1984,1944,f,,Star Trek III : | the search for Spock / | $c: Vonda N. McIntyre.,genre
mdp.39015071556099,mdp.39015071556099,3149331,"Jackson, Harold Charles Le Baron,",Harold Charles Le Baron,1945,1894,m,,'Round corners | $c: [by] H. C. L. Jackson; drawings by Jim Donahue.,
mdp.39015003940486,mdp.39015003940486,758750,"Gifford, Thomas.",Thomas,1979,1939,m,,Hollywood gothic / | $c: by Thomas Gifford.,
uc1.$b85963,uc1.$b85963,472228,"Benstead, C. R. (Charles Richard),",C. R. Charles Richard,1930,1890,m,,"Retreat, | a novel of 1918.",
mdp.39015049188124,mdp.39015049188124,626201,"Cleary, Jon,",Jon,1971,1917,m,,The liberators.,
uc2.ark:/13960/t78s4k72s,uc2.ark:/13960/t78s4k72s,7666636,"Marquis, Don,",Don,1923,1878,m,,Hermione and her little group of serious thinkers / | $c: by Don Marquis.,
mdp.39015030727146,mdp.39015030727146,666514,"Condon, Richard.",Richard,1961,1921,m,,"A talent for loving; or, The great cowboy race, | a novel.",
mdp.39015053746965,mdp.39015053746965,4213767,"Harun, Adrianne.",Adrianne,2001,1961,f,,The king of limbo and other stories / | $c: Adrianne Harun.,
uc1.b2839866,uc1.b2839866,7333963,"Kraemer, Lillian Rosa.",Lillian Rosa,1968,1928,f,,My cousin Jaspar : | a novel of our times / | $c: Lillian Rosa Kraemer.,
mdp.39015048708682,mdp.39015048708682,624072,"Chamberlain, Elinor.",Elinor,1953,1913,f,,The far command.,
uc1.b3475417,uc1.b3475417,6662605,"Jay, Simon.",Simon,1968,1928,m,,Sleepers can kill.,
mdp.39015016453204,mdp.39015016453204,359862,"Baron, Stanley Wade,",Stanley Wade,1953,1913,m,,"People and Americans, | a memoir of transatlantic tourists.",
mdp.39015064689659,mdp.39015064689659,5225815,"Amdahl, Gary,",Gary,2006,1966,m,,Visigoth : | stories / | $c: Gary Amdahl,
osu.32435074590316,osu.32435074590316,100826356,"Young, Chic,",Chic,1948,1901,u,,Blondie : | no dull moments / | $c: based on the famous newspaper strip by Chic Young.,
uc1.b3311933,uc1.b3311933,912479,"Symons, Arthur,",Arthur,1924,1865,m,v.5,The collected works of Arthur Symons.,
uc1.$b103164,uc1.$b103164,633255,"Mittelhölzer, Edgar.",Edgar,1955,1915,m,,"Hubertus, | a novel.",
mdp.39076002365158,mdp.39076002365158,9927320,"Heyliger, William,",William,1925,1884,m,,Quinby and son / | $c: by William Heyliger.,
uc1.32106012730898,uc1.32106012730898,7132634,,,1944,1904,u,,"The story of Sir Gawain and the Green knight, | $c: in modern English by M.R. Ridley...With eight colour plates by Hope Bourne",
pst.000005450671,pst.000005450671,7031390,"Welcome, John,",John,1959,1914,m,,Stop at nothing / | $c: by John Welcome [pseud.,
uc1.$b105367,uc1.$b105367,6603511,"O'Hara, Mary.",Mary,1952,1912,f,,The son of Adam Wyngate.,
mdp.39015026637325,mdp.39015026637325,1260645,"Sir, Scott, Ernest,",Scott Ernest,1929,1868,m,v.2,Australian discovery. | $c: Edited with an introduction by Ernest Scott.,
mdp.39015001533325,mdp.39015001533325,459470,"Maugham, W. Somerset (William Somerset),",W. Somerset William Somerset,1953,1874,m,v.2,The selected novels of W. Somerset Maugham.,
inu.32000009540537,inu.32000009540537,7587640,"Jewell, Derek.",Derek,1971,1931,m,,"Come in number one, your time is up.",
uc1.32106013284978,uc1.32106013284978,7131991,"Hartog, Diana",Diana,1996,1956,f,,The photographer's sweethearts / | $c: Diana Hartog,
mdp.39015014147816,mdp.39015014147816,744074,"Burgess, Anthony,",Anthony,1980,1917,m,,Earthly powers / | $c: Anthony Burgess.,
uc1.b4369269,uc1.b4369269,6210070,"Fuentes, Carlos.",Carlos,1972,1932,m,,Holy place / | $c: Carlos Fuentes ; translated by Suzanne Jill Levine.,
uc1.$b56451,uc1.$b56451,6575901,"Cummins, Geraldine Dorothy,",Geraldine Dorothy,1939,1899,f,,"When Nero was dictator, | $c: by Geraldine Cummins. Introduction by A.H.E. Lee.",
mdp.39015005169670,mdp.39015005169670,633831,"Moorcock, Michael,",Michael,1972,1932,m,,An alien heat.,genre
mdp.39015063326204,mdp.39015063326204,5227809,"Maillu, David G.,",David G,2005,1965,m,,"Precious blood / | $c: David Maillu ; illustrations, Robert Kambo.",
inu.30000116458773,inu.30000116458773,7588006,"Aldiss, Brian Wilson,",Brian Wilson,2007,1967,m,,Harm / | $c: Brian W. Aldiss.,
uc1.$b245122,uc1.$b245122,6499256,"Tarkington, Booth,",Booth,1926,1869,m,,Women / | $c: by Booth Tarkington.,
pst.000047318182,pst.000047318182,7048825,,,1969,1929,u,v.3,Stories by foreign authors.,
mdp.39015060058974,mdp.39015060058974,4743150,"Thomas, Scarlett.",Scarlett,2004,1964,f,,Going out / | $c: Scarlett Thomas.,
mdp.39076002287840,mdp.39076002287840,9926856,"Jackson, C. Paul (Caary Paul),",C. Paul Caary Paul,1952,1912,m,,Little Leaguer's first uniform / | $c: C. Paul Jackson ; illustrated by Charles Klinger.,
mdp.39015034268378,mdp.39015034268378,2987601,"Izquierdo, Agustina.",Agustina,1994,1954,f,,An indecent recollection / | $c: Agustina Izquierdo ; translated by Paul Weidmann.,
uc1.$b63874,uc1.$b63874,6580156,"Wallach, Ira Jan,",Ira Jan,1947,1907,m,,"The horn and the roses, | a novel based on the life of Peter-Paul Rubens.",
inu.30000078573916,inu.30000078573916,4302840,"Guruva, Danai.",Danai,2000,1960,u,,The double marriage payment : | some tall tales from the Shona of Zimbabwe / | $c: Danai Guruva.,
mdp.39015008940747,mdp.39015008940747,1025115,"Bowen, Elizabeth,",Elizabeth,1968,1899,f,,"Eva Trout; | or, Changing scenes.",
uc1.b4390013,uc1.b4390013,3107692,,,1987,1947,u,,The Soviet character : | short stories ; [translated from the Russian].,
uc1.$b193963,uc1.$b193963,6657914,"Askildsen, Kjell,",Kjell,1994,1954,u,,A sudden liberating thought : | selected stories / | $c: Kjell Askildsen ; translated and with an introduction by Sverre Lyngstad.,
uc1.b3435133,uc1.b3435133,6294307,"Greenan, Russell H.",Russell H,1969,1929,m,,It happened in Boston? | $c: [By] Russell H. Greenan.,
mdp.39015025236947,mdp.39015025236947,2559085,"Saer, Juan José,",Juan José,1990,1937,m,,The witness / | $c: Juan José Saer ; translated by Margaret Jull Costa.,
inu.32000011048917,inu.32000011048917,6058809,"Oliver, John Rathbone,",John Rathbone,1936,1872,m,,"Greater love, | $c: by John Rathbone Oliver.",
wu.89090070707,wu.89090070707,5746126,"Ryan, Cuthbert Denis.",Cuthbert Denis,1936,1896,m,,Wisconsin Indian legends / | $c: by Cuthbert Denis Ryan.,
mdp.49015001473991,mdp.49015001473991,4532217,"Bouton, Jim.",Jim,1994,1954,m,,Strike zone / | $c: by Jim Bouton and Eliot Asinof.,
mdp.39015051862954,mdp.39015051862954,810225,,,1986,1946,u,,Reamker (Rāmakerti) : | the Cambodian version of the Rāmāyaṇa / | $c: translated by Judith M. Jacob with the assistance of Kuoch Haksrea.,
uc1.b4463154,uc1.b4463154,9519083,"Knight, Damon,",Damon,1985,1922,m,,Late Knight edition / | $c: Damon Knight.,
uc1.$b307364,uc1.$b307364,6538117,"Graham, Harry,",Harry,1934,1874,m,,Harry Graham / | $c: edited by E.V. Knox.,
uc1.$b807514,uc1.$b807514,9950118,"Olivy, D. J.",D. J,1970,1930,u,,Never ask a policeman | $c: [by] D. J. Olivy.,
mdp.39015014316312,mdp.39015014316312,1094023,"Herzhaft, Gérard.",Gérard,1988,1948,u,,Long blues in A minor / | $c: Gérard Herzhaft ; translated by John DuVal.,
mdp.39015061272939,mdp.39015061272939,5112029,,,2004,1964,u,,Wind flowers : | contemporary Malayalam short fiction / | $c: edited by V. Abdulla and R.E. Asher.,
uc1.32106016892835,uc1.32106016892835,4172422,"Murakami, Haruki,",Haruki,2001,1961,m,,The sputnik sweetheart : | a novel / | $c: by Haruki Murakami ; translated from the Japanese by Philip Gabriel,
mdp.39015005859064,mdp.39015005859064,480517,"Hurne, Ralph.",Ralph,1973,1933,m,,The yellow jersey.,
uc1.$b149299,uc1.$b149299,6630001,"Walder, David.",David,1967,1927,m,,The gift bearers.,
mdp.39015042046329,mdp.39015042046329,3294937,"Vakil, Ardashir,",Ardashir,1997,1957,u,,Beach boy / | $c: Ardashir Vakil.,
uc1.b4929452,uc1.b4929452,30491,"Singer, Isaac Bashevis,",Isaac Bashevis,1979,1904,m,,Old love / | $c: Isaac Bashevis Singer.,
mdp.39015001184004,mdp.39015001184004,3796939,"Joaquin, Nick.",Nick,1979,1939,m,v.2,"Pop stories for groovy kids / | $c: Nick Joaquin, [ill. by] Jess Abrera ... [et al.].",
inu.30000022249449,inu.30000022249449,7590947,"Ekwensi, Cyprian.",Cyprian,1964,1924,m,,The passport of Mallam Ilia / | $c: Cyprian Ekwensi.,
mdp.39015019759342,mdp.39015019759342,631024,"McCarthy, Mary,",Mary,1952,1912,f,,The groves of Academe.,
mdp.39076002945975,mdp.39076002945975,9929422,,,1945,1905,u,,"The best American short stories, 1945 : | and the yearbook of the American short story / | $c: edited by Martha Foley ; with decorations by Angna Enters.",
mdp.39015061446343,mdp.39015061446343,5025378,"Hill, Susan,",Susan,2005,1965,f,,The pure in heart / | $c: Susan Hill.,
mdp.39015005458644,mdp.39015005458644,1375727,"Eddison, Eric Rucker,",Eric Rucker,1958,1882,m,,The Mezentian Gate.,
mdp.39015066848535,mdp.39015066848535,5343278,"Lerner, Edward M.",Edward M,2006,1966,m,,Creative destruction / | $c: Edward M. Lerner.,nonfic
uc1.b3945772,uc1.b3945772,1026754,"Margolies, Edward.",Edward,1970,1930,m,,A native sons reader.,
mdp.39015059414659,mdp.39015059414659,158017,"McKenna, Stephen,",Stephen,1923,1883,m,,"The commandment of Moses; | a novel, | $c: by Stephen McKenna.",
inu.30000118529332,inu.30000118529332,6943254,,,1957,1917,u,v.2,Folk tales from China; | 1st series.,
uc1.b4951184,uc1.b4951184,9502391,"McBain, Ed,",Ed,1973,1926,m,,Hail to the chief; | an 87th precinct mystery | $c: [by] Ed McBain,genre
