chargender,authgender,date,genre,total
u,u,1922,none,18281
u,u,1923,none,94965
u,u,1924,none,51089
u,u,1925,none,61839
u,u,1926,none,57104
u,u,1927,none,51545
u,u,1928,none,71005
u,u,1929,none,92010
u,u,1930,none,104098
u,u,1931,none,80332
u,u,1932,none,68037
u,u,1933,none,44362
u,u,1934,none,52745
u,u,1935,none,58583
u,u,1936,none,60601
u,u,1937,none,54383
u,u,1938,none,55278
u,u,1939,none,53181
u,u,1940,none,63947
u,u,1941,none,46704
u,u,1942,none,47300
u,u,1943,none,54019
u,u,1944,none,49050
u,u,1945,none,64214
u,u,1946,none,91789
u,u,1947,none,85997
u,u,1948,none,78126
u,u,1949,none,79699
u,u,1950,none,125029
u,u,1951,none,81563
u,u,1952,none,99458
u,u,1953,none,97101
u,u,1954,none,106706
u,u,1955,none,113519
u,u,1956,none,106675
u,u,1957,none,109138
u,u,1958,none,121925
u,u,1959,none,103664
u,u,1960,none,129375
u,u,1961,none,141159
u,u,1962,none,131183
u,u,1963,none,132156
u,u,1964,none,119674
u,u,1965,none,140554
u,u,1966,none,146947
u,u,1967,none,157443
u,u,1968,none,176727
u,u,1969,none,150161
u,u,1970,none,164993
u,u,1971,none,128408
u,u,1972,none,97704
u,u,1973,none,113261
u,u,1974,none,92528
u,u,1975,none,126739
u,u,1976,none,124555
u,u,1977,none,126667
u,u,1978,none,142547
u,u,1979,none,130917
u,u,1980,none,122266
u,u,1981,none,125209
u,u,1982,none,139205
u,u,1983,none,156241
u,u,1984,none,127187
u,u,1985,none,151470
u,u,1986,none,138978
u,u,1987,none,140197
u,u,1988,none,146498
u,u,1989,none,173601
u,u,1990,none,184616
u,u,1991,none,165992
u,u,1992,none,190460
u,u,1993,none,174767
u,u,1994,none,158333
u,u,1995,none,136012
u,u,1996,none,136175
u,u,1997,none,142498
u,u,1998,none,141244
u,u,1999,none,143339
u,u,2000,none,118636
u,u,2001,none,119032
u,u,2002,none,121510
u,u,2003,none,123235
u,u,2004,none,133883
u,u,2005,none,134983
u,u,2006,none,139907
u,u,2007,none,128404
u,u,2008,none,59363
u,u,2009,none,22249
u,u,2010,none,5183
u,u,2011,none,84
u,u,2012,none,0
u,u,2013,none,0
u,u,2014,none,0
u,u,1922,genre,0
u,u,1923,genre,232
u,u,1924,genre,180
u,u,1925,genre,345
u,u,1926,genre,0
u,u,1927,genre,48
u,u,1928,genre,125
u,u,1929,genre,214
u,u,1930,genre,882
u,u,1931,genre,809
u,u,1932,genre,290
u,u,1933,genre,94
u,u,1934,genre,162
u,u,1935,genre,182
u,u,1936,genre,287
u,u,1937,genre,35
u,u,1938,genre,3
u,u,1939,genre,93
u,u,1940,genre,111
u,u,1941,genre,0
u,u,1942,genre,0
u,u,1943,genre,46
u,u,1944,genre,0
u,u,1945,genre,578
u,u,1946,genre,2980
u,u,1947,genre,121
u,u,1948,genre,3550
u,u,1949,genre,279
u,u,1950,genre,30
u,u,1951,genre,1591
u,u,1952,genre,3165
u,u,1953,genre,597
u,u,1954,genre,1854
u,u,1955,genre,359
u,u,1956,genre,568
u,u,1957,genre,604
u,u,1958,genre,675
u,u,1959,genre,57
u,u,1960,genre,1961
u,u,1961,genre,1567
u,u,1962,genre,8111
u,u,1963,genre,1829
u,u,1964,genre,564
u,u,1965,genre,1614
u,u,1966,genre,1390
u,u,1967,genre,2838
u,u,1968,genre,1286
u,u,1969,genre,1200
u,u,1970,genre,4914
u,u,1971,genre,1156
u,u,1972,genre,3744
u,u,1973,genre,2693
u,u,1974,genre,5199
u,u,1975,genre,7548
u,u,1976,genre,4251
u,u,1977,genre,9046
u,u,1978,genre,6822
u,u,1979,genre,9320
u,u,1980,genre,9973
u,u,1981,genre,10966
u,u,1982,genre,8575
u,u,1983,genre,8192
u,u,1984,genre,8275
u,u,1985,genre,13965
u,u,1986,genre,6953
u,u,1987,genre,5432
u,u,1988,genre,5046
u,u,1989,genre,5139
u,u,1990,genre,4888
u,u,1991,genre,11050
u,u,1992,genre,9458
u,u,1993,genre,8380
u,u,1994,genre,10228
u,u,1995,genre,9054
u,u,1996,genre,7717
u,u,1997,genre,7243
u,u,1998,genre,7721
u,u,1999,genre,8110
u,u,2000,genre,7652
u,u,2001,genre,12244
u,u,2002,genre,6389
u,u,2003,genre,9190
u,u,2004,genre,12781
u,u,2005,genre,12416
u,u,2006,genre,20061
u,u,2007,genre,13114
u,u,2008,genre,11779
u,u,2009,genre,7114
u,u,2010,genre,539
u,u,2011,genre,0
u,u,2012,genre,0
u,u,2013,genre,0
u,u,2014,genre,0
u,u,1922,romance,0
u,u,1923,romance,0
u,u,1924,romance,0
u,u,1925,romance,0
u,u,1926,romance,0
u,u,1927,romance,0
u,u,1928,romance,177
u,u,1929,romance,0
u,u,1930,romance,0
u,u,1931,romance,208
u,u,1932,romance,0
u,u,1933,romance,898
u,u,1934,romance,55
u,u,1935,romance,0
u,u,1936,romance,0
u,u,1937,romance,640
u,u,1938,romance,0
u,u,1939,romance,483
u,u,1940,romance,969
u,u,1941,romance,0
u,u,1942,romance,170
u,u,1943,romance,0
u,u,1944,romance,160
u,u,1945,romance,185
u,u,1946,romance,0
u,u,1947,romance,0
u,u,1948,romance,0
u,u,1949,romance,0
u,u,1950,romance,0
u,u,1951,romance,0
u,u,1952,romance,0
u,u,1953,romance,0
u,u,1954,romance,123
u,u,1955,romance,0
u,u,1956,romance,0
u,u,1957,romance,799
u,u,1958,romance,183
u,u,1959,romance,0
u,u,1960,romance,0
u,u,1961,romance,422
u,u,1962,romance,8865
u,u,1963,romance,1990
u,u,1964,romance,3763
u,u,1965,romance,0
u,u,1966,romance,260
u,u,1967,romance,328
u,u,1968,romance,409
u,u,1969,romance,96
u,u,1970,romance,0
u,u,1971,romance,444
u,u,1972,romance,157
u,u,1973,romance,1567
u,u,1974,romance,1004
u,u,1975,romance,1009
u,u,1976,romance,0
u,u,1977,romance,1209
u,u,1978,romance,0
u,u,1979,romance,0
u,u,1980,romance,1727
u,u,1981,romance,0
u,u,1982,romance,0
u,u,1983,romance,0
u,u,1984,romance,1465
u,u,1985,romance,0
u,u,1986,romance,2150
u,u,1987,romance,0
u,u,1988,romance,285
u,u,1989,romance,901
u,u,1990,romance,1234
u,u,1991,romance,2259
u,u,1992,romance,0
u,u,1993,romance,2490
u,u,1994,romance,3129
u,u,1995,romance,3582
u,u,1996,romance,338
u,u,1997,romance,0
u,u,1998,romance,754
u,u,1999,romance,0
u,u,2000,romance,219
u,u,2001,romance,1904
u,u,2002,romance,0
u,u,2003,romance,0
u,u,2004,romance,116
u,u,2005,romance,0
u,u,2006,romance,0
u,u,2007,romance,1509
u,u,2008,romance,0
u,u,2009,romance,0
u,u,2010,romance,0
u,u,2011,romance,0
u,u,2012,romance,0
u,u,2013,romance,0
u,u,2014,romance,0
u,f,1922,none,12
u,f,1923,none,9326
u,f,1924,none,8433
u,f,1925,none,12740
u,f,1926,none,11262
u,f,1927,none,13984
u,f,1928,none,15366
u,f,1929,none,23551
u,f,1930,none,22818
u,f,1931,none,19871
u,f,1932,none,13107
u,f,1933,none,14674
u,f,1934,none,17174
u,f,1935,none,25050
u,f,1936,none,19889
u,f,1937,none,27100
u,f,1938,none,20592
u,f,1939,none,13982
u,f,1940,none,16612
u,f,1941,none,20036
u,f,1942,none,18092
u,f,1943,none,24199
u,f,1944,none,15552
u,f,1945,none,25070
u,f,1946,none,25023
u,f,1947,none,20244
u,f,1948,none,24108
u,f,1949,none,21180
u,f,1950,none,23778
u,f,1951,none,24348
u,f,1952,none,33584
u,f,1953,none,21209
u,f,1954,none,28802
u,f,1955,none,20442
u,f,1956,none,29063
u,f,1957,none,28358
u,f,1958,none,26993
u,f,1959,none,29932
u,f,1960,none,24019
u,f,1961,none,39868
u,f,1962,none,26160
u,f,1963,none,23811
u,f,1964,none,30669
u,f,1965,none,28363
u,f,1966,none,28104
u,f,1967,none,26165
u,f,1968,none,28109
u,f,1969,none,26716
u,f,1970,none,32403
u,f,1971,none,19514
u,f,1972,none,21296
u,f,1973,none,26357
u,f,1974,none,29190
u,f,1975,none,26451
u,f,1976,none,31806
u,f,1977,none,28778
u,f,1978,none,33471
u,f,1979,none,49138
u,f,1980,none,37110
u,f,1981,none,34282
u,f,1982,none,44999
u,f,1983,none,28578
u,f,1984,none,32132
u,f,1985,none,44602
u,f,1986,none,29938
u,f,1987,none,40563
u,f,1988,none,63705
u,f,1989,none,54068
u,f,1990,none,50918
u,f,1991,none,53656
u,f,1992,none,53905
u,f,1993,none,54511
u,f,1994,none,67207
u,f,1995,none,42606
u,f,1996,none,58214
u,f,1997,none,48726
u,f,1998,none,43118
u,f,1999,none,52913
u,f,2000,none,55904
u,f,2001,none,53262
u,f,2002,none,49618
u,f,2003,none,53248
u,f,2004,none,51836
u,f,2005,none,51276
u,f,2006,none,60427
u,f,2007,none,52013
u,f,2008,none,43117
u,f,2009,none,23199
u,f,2010,none,1028
u,f,2011,none,0
u,f,2012,none,0
u,f,2013,none,0
u,f,2014,none,0
u,f,1922,genre,0
u,f,1923,genre,4
u,f,1924,genre,2
u,f,1925,genre,0
u,f,1926,genre,104
u,f,1927,genre,62
u,f,1928,genre,757
u,f,1929,genre,75
u,f,1930,genre,42
u,f,1931,genre,0
u,f,1932,genre,20
u,f,1933,genre,0
u,f,1934,genre,7
u,f,1935,genre,302
u,f,1936,genre,38
u,f,1937,genre,0
u,f,1938,genre,29
u,f,1939,genre,19
u,f,1940,genre,495
u,f,1941,genre,36
u,f,1942,genre,180
u,f,1943,genre,1
u,f,1944,genre,0
u,f,1945,genre,9
u,f,1946,genre,158
u,f,1947,genre,148
u,f,1948,genre,0
u,f,1949,genre,443
u,f,1950,genre,133
u,f,1951,genre,711
u,f,1952,genre,37
u,f,1953,genre,396
u,f,1954,genre,269
u,f,1955,genre,763
u,f,1956,genre,28
u,f,1957,genre,426
u,f,1958,genre,57
u,f,1959,genre,328
u,f,1960,genre,942
u,f,1961,genre,61
u,f,1962,genre,483
u,f,1963,genre,561
u,f,1964,genre,15
u,f,1965,genre,62
u,f,1966,genre,402
u,f,1967,genre,989
u,f,1968,genre,186
u,f,1969,genre,343
u,f,1970,genre,523
u,f,1971,genre,150
u,f,1972,genre,207
u,f,1973,genre,221
u,f,1974,genre,2945
u,f,1975,genre,2479
u,f,1976,genre,2300
u,f,1977,genre,3002
u,f,1978,genre,1482
u,f,1979,genre,4615
u,f,1980,genre,917
u,f,1981,genre,1525
u,f,1982,genre,1428
u,f,1983,genre,2877
u,f,1984,genre,4387
u,f,1985,genre,736
u,f,1986,genre,5187
u,f,1987,genre,6415
u,f,1988,genre,875
u,f,1989,genre,592
u,f,1990,genre,3029
u,f,1991,genre,2692
u,f,1992,genre,13680
u,f,1993,genre,8655
u,f,1994,genre,9636
u,f,1995,genre,7328
u,f,1996,genre,5769
u,f,1997,genre,12377
u,f,1998,genre,10491
u,f,1999,genre,5139
u,f,2000,genre,5790
u,f,2001,genre,7695
u,f,2002,genre,3251
u,f,2003,genre,14826
u,f,2004,genre,9975
u,f,2005,genre,14761
u,f,2006,genre,13782
u,f,2007,genre,10972
u,f,2008,genre,23779
u,f,2009,genre,7958
u,f,2010,genre,88
u,f,2011,genre,0
u,f,2012,genre,0
u,f,2013,genre,0
u,f,2014,genre,0
u,f,1922,romance,0
u,f,1923,romance,0
u,f,1924,romance,0
u,f,1925,romance,0
u,f,1926,romance,0
u,f,1927,romance,0
u,f,1928,romance,0
u,f,1929,romance,0
u,f,1930,romance,0
u,f,1931,romance,0
u,f,1932,romance,0
u,f,1933,romance,0
u,f,1934,romance,0
u,f,1935,romance,0
u,f,1936,romance,0
u,f,1937,romance,0
u,f,1938,romance,0
u,f,1939,romance,0
u,f,1940,romance,0
u,f,1941,romance,0
u,f,1942,romance,0
u,f,1943,romance,0
u,f,1944,romance,0
u,f,1945,romance,0
u,f,1946,romance,0
u,f,1947,romance,0
u,f,1948,romance,0
u,f,1949,romance,0
u,f,1950,romance,0
u,f,1951,romance,0
u,f,1952,romance,0
u,f,1953,romance,0
u,f,1954,romance,0
u,f,1955,romance,0
u,f,1956,romance,0
u,f,1957,romance,0
u,f,1958,romance,548
u,f,1959,romance,0
u,f,1960,romance,0
u,f,1961,romance,0
u,f,1962,romance,0
u,f,1963,romance,1018
u,f,1964,romance,495
u,f,1965,romance,40
u,f,1966,romance,0
u,f,1967,romance,0
u,f,1968,romance,24
u,f,1969,romance,184
u,f,1970,romance,0
u,f,1971,romance,162
u,f,1972,romance,0
u,f,1973,romance,0
u,f,1974,romance,39
u,f,1975,romance,0
u,f,1976,romance,0
u,f,1977,romance,0
u,f,1978,romance,0
u,f,1979,romance,0
u,f,1980,romance,896
u,f,1981,romance,627
u,f,1982,romance,2386
u,f,1983,romance,0
u,f,1984,romance,0
u,f,1985,romance,12
u,f,1986,romance,0
u,f,1987,romance,0
u,f,1988,romance,1325
u,f,1989,romance,0
u,f,1990,romance,0
u,f,1991,romance,54
u,f,1992,romance,17
u,f,1993,romance,95
u,f,1994,romance,0
u,f,1995,romance,2995
u,f,1996,romance,1564
u,f,1997,romance,0
u,f,1998,romance,0
u,f,1999,romance,0
u,f,2000,romance,0
u,f,2001,romance,0
u,f,2002,romance,0
u,f,2003,romance,0
u,f,2004,romance,0
u,f,2005,romance,0
u,f,2006,romance,0
u,f,2007,romance,0
u,f,2008,romance,0
u,f,2009,romance,0
u,f,2010,romance,0
u,f,2011,romance,0
u,f,2012,romance,0
u,f,2013,romance,0
u,f,2014,romance,0
u,m,1922,none,2423
u,m,1923,none,47234
u,m,1924,none,38584
u,m,1925,none,48842
u,m,1926,none,49320
u,m,1927,none,54171
u,m,1928,none,53655
u,m,1929,none,51639
u,m,1930,none,56623
u,m,1931,none,43108
u,m,1932,none,46615
u,m,1933,none,60216
u,m,1934,none,60143
u,m,1935,none,76243
u,m,1936,none,39263
u,m,1937,none,45222
u,m,1938,none,43743
u,m,1939,none,38924
u,m,1940,none,46177
u,m,1941,none,40128
u,m,1942,none,47605
u,m,1943,none,44464
u,m,1944,none,32160
u,m,1945,none,43685
u,m,1946,none,59738
u,m,1947,none,70836
u,m,1948,none,55597
u,m,1949,none,50450
u,m,1950,none,81872
u,m,1951,none,70449
u,m,1952,none,70884
u,m,1953,none,64511
u,m,1954,none,62572
u,m,1955,none,78920
u,m,1956,none,68285
u,m,1957,none,59773
u,m,1958,none,68960
u,m,1959,none,82909
u,m,1960,none,69833
u,m,1961,none,79105
u,m,1962,none,65956
u,m,1963,none,70971
u,m,1964,none,89940
u,m,1965,none,91849
u,m,1966,none,96053
u,m,1967,none,86495
u,m,1968,none,99469
u,m,1969,none,86700
u,m,1970,none,90073
u,m,1971,none,74320
u,m,1972,none,67473
u,m,1973,none,70629
u,m,1974,none,76371
u,m,1975,none,71409
u,m,1976,none,63217
u,m,1977,none,68290
u,m,1978,none,75108
u,m,1979,none,90798
u,m,1980,none,82246
u,m,1981,none,92291
u,m,1982,none,86932
u,m,1983,none,98550
u,m,1984,none,111095
u,m,1985,none,79032
u,m,1986,none,74318
u,m,1987,none,74021
u,m,1988,none,84114
u,m,1989,none,79651
u,m,1990,none,86914
u,m,1991,none,99860
u,m,1992,none,63238
u,m,1993,none,69015
u,m,1994,none,75354
u,m,1995,none,87016
u,m,1996,none,70350
u,m,1997,none,84249
u,m,1998,none,64165
u,m,1999,none,76840
u,m,2000,none,94773
u,m,2001,none,78234
u,m,2002,none,76463
u,m,2003,none,72555
u,m,2004,none,69433
u,m,2005,none,71989
u,m,2006,none,71376
u,m,2007,none,60581
u,m,2008,none,47992
u,m,2009,none,34595
u,m,2010,none,446
u,m,2011,none,1837
u,m,2012,none,0
u,m,2013,none,308
u,m,2014,none,0
u,m,1922,genre,0
u,m,1923,genre,214
u,m,1924,genre,137
u,m,1925,genre,4
u,m,1926,genre,69
u,m,1927,genre,45
u,m,1928,genre,318
u,m,1929,genre,898
u,m,1930,genre,449
u,m,1931,genre,427
u,m,1932,genre,22
u,m,1933,genre,403
u,m,1934,genre,764
u,m,1935,genre,188
u,m,1936,genre,142
u,m,1937,genre,606
u,m,1938,genre,194
u,m,1939,genre,196
u,m,1940,genre,724
u,m,1941,genre,653
u,m,1942,genre,516
u,m,1943,genre,225
u,m,1944,genre,1466
u,m,1945,genre,1212
u,m,1946,genre,3099
u,m,1947,genre,940
u,m,1948,genre,1484
u,m,1949,genre,780
u,m,1950,genre,915
u,m,1951,genre,1459
u,m,1952,genre,2636
u,m,1953,genre,1795
u,m,1954,genre,1659
u,m,1955,genre,1477
u,m,1956,genre,380
u,m,1957,genre,1528
u,m,1958,genre,1403
u,m,1959,genre,2991
u,m,1960,genre,1573
u,m,1961,genre,1379
u,m,1962,genre,2284
u,m,1963,genre,3660
u,m,1964,genre,2058
u,m,1965,genre,1347
u,m,1966,genre,3880
u,m,1967,genre,2026
u,m,1968,genre,3251
u,m,1969,genre,2376
u,m,1970,genre,3955
u,m,1971,genre,2085
u,m,1972,genre,4550
u,m,1973,genre,3099
u,m,1974,genre,8291
u,m,1975,genre,2601
u,m,1976,genre,4954
u,m,1977,genre,6777
u,m,1978,genre,6499
u,m,1979,genre,2511
u,m,1980,genre,7019
u,m,1981,genre,2566
u,m,1982,genre,6903
u,m,1983,genre,5827
u,m,1984,genre,6517
u,m,1985,genre,5892
u,m,1986,genre,3802
u,m,1987,genre,1628
u,m,1988,genre,7701
u,m,1989,genre,2791
u,m,1990,genre,7945
u,m,1991,genre,7300
u,m,1992,genre,8012
u,m,1993,genre,6929
u,m,1994,genre,11370
u,m,1995,genre,15498
u,m,1996,genre,16503
u,m,1997,genre,22860
u,m,1998,genre,21525
u,m,1999,genre,15155
u,m,2000,genre,17926
u,m,2001,genre,12271
u,m,2002,genre,10203
u,m,2003,genre,16058
u,m,2004,genre,21551
u,m,2005,genre,25388
u,m,2006,genre,25429
u,m,2007,genre,36199
u,m,2008,genre,32060
u,m,2009,genre,26720
u,m,2010,genre,333
u,m,2011,genre,0
u,m,2012,genre,0
u,m,2013,genre,0
u,m,2014,genre,0
u,m,1922,romance,0
u,m,1923,romance,0
u,m,1924,romance,0
u,m,1925,romance,181
u,m,1926,romance,0
u,m,1927,romance,0
u,m,1928,romance,0
u,m,1929,romance,0
u,m,1930,romance,0
u,m,1931,romance,0
u,m,1932,romance,0
u,m,1933,romance,0
u,m,1934,romance,2245
u,m,1935,romance,0
u,m,1936,romance,0
u,m,1937,romance,0
u,m,1938,romance,0
u,m,1939,romance,478
u,m,1940,romance,0
u,m,1941,romance,0
u,m,1942,romance,0
u,m,1943,romance,0
u,m,1944,romance,0
u,m,1945,romance,0
u,m,1946,romance,0
u,m,1947,romance,0
u,m,1948,romance,230
u,m,1949,romance,0
u,m,1950,romance,803
u,m,1951,romance,0
u,m,1952,romance,0
u,m,1953,romance,2927
u,m,1954,romance,0
u,m,1955,romance,2167
u,m,1956,romance,843
u,m,1957,romance,1265
u,m,1958,romance,0
u,m,1959,romance,0
u,m,1960,romance,0
u,m,1961,romance,0
u,m,1962,romance,0
u,m,1963,romance,363
u,m,1964,romance,0
u,m,1965,romance,0
u,m,1966,romance,0
u,m,1967,romance,1136
u,m,1968,romance,15
u,m,1969,romance,0
u,m,1970,romance,0
u,m,1971,romance,0
u,m,1972,romance,0
u,m,1973,romance,754
u,m,1974,romance,0
u,m,1975,romance,0
u,m,1976,romance,0
u,m,1977,romance,175
u,m,1978,romance,2651
u,m,1979,romance,0
u,m,1980,romance,0
u,m,1981,romance,0
u,m,1982,romance,0
u,m,1983,romance,0
u,m,1984,romance,0
u,m,1985,romance,0
u,m,1986,romance,0
u,m,1987,romance,843
u,m,1988,romance,227
u,m,1989,romance,0
u,m,1990,romance,2127
u,m,1991,romance,0
u,m,1992,romance,0
u,m,1993,romance,0
u,m,1994,romance,964
u,m,1995,romance,532
u,m,1996,romance,484
u,m,1997,romance,424
u,m,1998,romance,0
u,m,1999,romance,66
u,m,2000,romance,0
u,m,2001,romance,0
u,m,2002,romance,0
u,m,2003,romance,0
u,m,2004,romance,0
u,m,2005,romance,0
u,m,2006,romance,0
u,m,2007,romance,0
u,m,2008,romance,0
u,m,2009,romance,3175
u,m,2010,romance,0
u,m,2011,romance,0
u,m,2012,romance,0
u,m,2013,romance,0
u,m,2014,romance,0
f,u,1922,none,96468
f,u,1923,none,309559
f,u,1924,none,290206
f,u,1925,none,302612
f,u,1926,none,354999
f,u,1927,none,289268
f,u,1928,none,402247
f,u,1929,none,470887
f,u,1930,none,442930
f,u,1931,none,366889
f,u,1932,none,275600
f,u,1933,none,353166
f,u,1934,none,253101
f,u,1935,none,339615
f,u,1936,none,321071
f,u,1937,none,358246
f,u,1938,none,289199
f,u,1939,none,183751
f,u,1940,none,241629
f,u,1941,none,279798
f,u,1942,none,236744
f,u,1943,none,242262
f,u,1944,none,203277
f,u,1945,none,304076
f,u,1946,none,418763
f,u,1947,none,490529
f,u,1948,none,431788
f,u,1949,none,328212
f,u,1950,none,558540
f,u,1951,none,473367
f,u,1952,none,443189
f,u,1953,none,341914
f,u,1954,none,358074
f,u,1955,none,444697
f,u,1956,none,467782
f,u,1957,none,517343
f,u,1958,none,333047
f,u,1959,none,346779
f,u,1960,none,528608
f,u,1961,none,537118
f,u,1962,none,493416
f,u,1963,none,415993
f,u,1964,none,432628
f,u,1965,none,476923
f,u,1966,none,494866
f,u,1967,none,652273
f,u,1968,none,650096
f,u,1969,none,693972
f,u,1970,none,661613
f,u,1971,none,430169
f,u,1972,none,509009
f,u,1973,none,418046
f,u,1974,none,414586
f,u,1975,none,567491
f,u,1976,none,594730
f,u,1977,none,568229
f,u,1978,none,503524
f,u,1979,none,529221
f,u,1980,none,486178
f,u,1981,none,532508
f,u,1982,none,532880
f,u,1983,none,590459
f,u,1984,none,541642
f,u,1985,none,587873
f,u,1986,none,599733
f,u,1987,none,515289
f,u,1988,none,625188
f,u,1989,none,662208
f,u,1990,none,767493
f,u,1991,none,682186
f,u,1992,none,762770
f,u,1993,none,705545
f,u,1994,none,768709
f,u,1995,none,523928
f,u,1996,none,629870
f,u,1997,none,531898
f,u,1998,none,551656
f,u,1999,none,573230
f,u,2000,none,545143
f,u,2001,none,453703
f,u,2002,none,467408
f,u,2003,none,438324
f,u,2004,none,474662
f,u,2005,none,517784
f,u,2006,none,552578
f,u,2007,none,564396
f,u,2008,none,311512
f,u,2009,none,155270
f,u,2010,none,18371
f,u,2011,none,1
f,u,2012,none,0
f,u,2013,none,0
f,u,2014,none,0
f,u,1922,genre,0
f,u,1923,genre,633
f,u,1924,genre,343
f,u,1925,genre,1750
f,u,1926,genre,0
f,u,1927,genre,348
f,u,1928,genre,47
f,u,1929,genre,2238
f,u,1930,genre,1754
f,u,1931,genre,5444
f,u,1932,genre,2530
f,u,1933,genre,364
f,u,1934,genre,1358
f,u,1935,genre,1459
f,u,1936,genre,6
f,u,1937,genre,142
f,u,1938,genre,1041
f,u,1939,genre,139
f,u,1940,genre,3851
f,u,1941,genre,0
f,u,1942,genre,0
f,u,1943,genre,1536
f,u,1944,genre,0
f,u,1945,genre,1565
f,u,1946,genre,5811
f,u,1947,genre,856
f,u,1948,genre,7972
f,u,1949,genre,1981
f,u,1950,genre,47
f,u,1951,genre,6492
f,u,1952,genre,5865
f,u,1953,genre,1687
f,u,1954,genre,2261
f,u,1955,genre,1422
f,u,1956,genre,1570
f,u,1957,genre,749
f,u,1958,genre,976
f,u,1959,genre,2152
f,u,1960,genre,7601
f,u,1961,genre,3929
f,u,1962,genre,7101
f,u,1963,genre,8245
f,u,1964,genre,689
f,u,1965,genre,5101
f,u,1966,genre,5533
f,u,1967,genre,12502
f,u,1968,genre,1994
f,u,1969,genre,3954
f,u,1970,genre,6487
f,u,1971,genre,3706
f,u,1972,genre,4170
f,u,1973,genre,3406
f,u,1974,genre,7450
f,u,1975,genre,12050
f,u,1976,genre,11904
f,u,1977,genre,20843
f,u,1978,genre,15618
f,u,1979,genre,21493
f,u,1980,genre,21193
f,u,1981,genre,16477
f,u,1982,genre,16051
f,u,1983,genre,23220
f,u,1984,genre,25529
f,u,1985,genre,36213
f,u,1986,genre,17424
f,u,1987,genre,9756
f,u,1988,genre,10858
f,u,1989,genre,27196
f,u,1990,genre,16292
f,u,1991,genre,51369
f,u,1992,genre,37542
f,u,1993,genre,42172
f,u,1994,genre,46971
f,u,1995,genre,59114
f,u,1996,genre,35772
f,u,1997,genre,42437
f,u,1998,genre,33143
f,u,1999,genre,30047
f,u,2000,genre,37809
f,u,2001,genre,38462
f,u,2002,genre,18959
f,u,2003,genre,34700
f,u,2004,genre,25871
f,u,2005,genre,54997
f,u,2006,genre,49622
f,u,2007,genre,38513
f,u,2008,genre,51764
f,u,2009,genre,35819
f,u,2010,genre,4592
f,u,2011,genre,0
f,u,2012,genre,0
f,u,2013,genre,0
f,u,2014,genre,0
f,u,1922,romance,0
f,u,1923,romance,0
f,u,1924,romance,0
f,u,1925,romance,0
f,u,1926,romance,0
f,u,1927,romance,0
f,u,1928,romance,268
f,u,1929,romance,0
f,u,1930,romance,0
f,u,1931,romance,260
f,u,1932,romance,0
f,u,1933,romance,335
f,u,1934,romance,22
f,u,1935,romance,0
f,u,1936,romance,0
f,u,1937,romance,57
f,u,1938,romance,0
f,u,1939,romance,70
f,u,1940,romance,305
f,u,1941,romance,0
f,u,1942,romance,207
f,u,1943,romance,0
f,u,1944,romance,13
f,u,1945,romance,18
f,u,1946,romance,0
f,u,1947,romance,0
f,u,1948,romance,0
f,u,1949,romance,0
f,u,1950,romance,0
f,u,1951,romance,0
f,u,1952,romance,0
f,u,1953,romance,0
f,u,1954,romance,1
f,u,1955,romance,0
f,u,1956,romance,0
f,u,1957,romance,375
f,u,1958,romance,256
f,u,1959,romance,0
f,u,1960,romance,0
f,u,1961,romance,14
f,u,1962,romance,3237
f,u,1963,romance,749
f,u,1964,romance,2236
f,u,1965,romance,0
f,u,1966,romance,101
f,u,1967,romance,114
f,u,1968,romance,367
f,u,1969,romance,107
f,u,1970,romance,0
f,u,1971,romance,230
f,u,1972,romance,14
f,u,1973,romance,1319
f,u,1974,romance,4
f,u,1975,romance,28
f,u,1976,romance,0
f,u,1977,romance,1806
f,u,1978,romance,0
f,u,1979,romance,0
f,u,1980,romance,28
f,u,1981,romance,0
f,u,1982,romance,0
f,u,1983,romance,0
f,u,1984,romance,109
f,u,1985,romance,0
f,u,1986,romance,784
f,u,1987,romance,0
f,u,1988,romance,278
f,u,1989,romance,282
f,u,1990,romance,30
f,u,1991,romance,409
f,u,1992,romance,0
f,u,1993,romance,1737
f,u,1994,romance,871
f,u,1995,romance,1563
f,u,1996,romance,628
f,u,1997,romance,0
f,u,1998,romance,1239
f,u,1999,romance,0
f,u,2000,romance,17
f,u,2001,romance,16057
f,u,2002,romance,0
f,u,2003,romance,0
f,u,2004,romance,27
f,u,2005,romance,0
f,u,2006,romance,0
f,u,2007,romance,2607
f,u,2008,romance,0
f,u,2009,romance,0
f,u,2010,romance,0
f,u,2011,romance,0
f,u,2012,romance,0
f,u,2013,romance,0
f,u,2014,romance,0
f,f,1922,none,26
f,f,1923,none,107667
f,f,1924,none,133480
f,f,1925,none,160865
f,f,1926,none,175152
f,f,1927,none,188714
f,f,1928,none,192932
f,f,1929,none,214621
f,f,1930,none,255850
f,f,1931,none,224570
f,f,1932,none,224188
f,f,1933,none,194469
f,f,1934,none,253972
f,f,1935,none,288554
f,f,1936,none,311752
f,f,1937,none,283551
f,f,1938,none,324443
f,f,1939,none,178281
f,f,1940,none,174323
f,f,1941,none,245664
f,f,1942,none,236350
f,f,1943,none,228253
f,f,1944,none,215856
f,f,1945,none,260656
f,f,1946,none,299990
f,f,1947,none,302551
f,f,1948,none,292983
f,f,1949,none,286209
f,f,1950,none,301150
f,f,1951,none,328229
f,f,1952,none,277528
f,f,1953,none,263726
f,f,1954,none,314095
f,f,1955,none,286571
f,f,1956,none,265669
f,f,1957,none,266328
f,f,1958,none,210716
f,f,1959,none,215710
f,f,1960,none,229138
f,f,1961,none,229333
f,f,1962,none,208727
f,f,1963,none,244927
f,f,1964,none,240976
f,f,1965,none,209338
f,f,1966,none,228874
f,f,1967,none,230425
f,f,1968,none,281557
f,f,1969,none,273668
f,f,1970,none,270150
f,f,1971,none,176702
f,f,1972,none,165529
f,f,1973,none,263657
f,f,1974,none,230030
f,f,1975,none,259022
f,f,1976,none,259239
f,f,1977,none,225697
f,f,1978,none,308817
f,f,1979,none,394441
f,f,1980,none,399230
f,f,1981,none,412325
f,f,1982,none,418492
f,f,1983,none,293434
f,f,1984,none,338114
f,f,1985,none,434814
f,f,1986,none,368653
f,f,1987,none,493310
f,f,1988,none,485941
f,f,1989,none,505721
f,f,1990,none,452836
f,f,1991,none,554384
f,f,1992,none,544864
f,f,1993,none,461289
f,f,1994,none,656834
f,f,1995,none,563433
f,f,1996,none,639899
f,f,1997,none,604932
f,f,1998,none,572582
f,f,1999,none,599216
f,f,2000,none,634653
f,f,2001,none,574055
f,f,2002,none,575684
f,f,2003,none,630247
f,f,2004,none,534169
f,f,2005,none,570583
f,f,2006,none,668026
f,f,2007,none,665593
f,f,2008,none,551491
f,f,2009,none,301588
f,f,2010,none,2523
f,f,2011,none,0
f,f,2012,none,0
f,f,2013,none,0
f,f,2014,none,0
f,f,1922,genre,0
f,f,1923,genre,278
f,f,1924,genre,911
f,f,1925,genre,0
f,f,1926,genre,6215
f,f,1927,genre,713
f,f,1928,genre,4292
f,f,1929,genre,3118
f,f,1930,genre,497
f,f,1931,genre,0
f,f,1932,genre,1661
f,f,1933,genre,0
f,f,1934,genre,1013
f,f,1935,genre,2693
f,f,1936,genre,192
f,f,1937,genre,0
f,f,1938,genre,992
f,f,1939,genre,1128
f,f,1940,genre,1937
f,f,1941,genre,168
f,f,1942,genre,479
f,f,1943,genre,3832
f,f,1944,genre,0
f,f,1945,genre,2569
f,f,1946,genre,2700
f,f,1947,genre,64
f,f,1948,genre,0
f,f,1949,genre,2780
f,f,1950,genre,1187
f,f,1951,genre,7674
f,f,1952,genre,737
f,f,1953,genre,6722
f,f,1954,genre,787
f,f,1955,genre,1762
f,f,1956,genre,2037
f,f,1957,genre,2227
f,f,1958,genre,2412
f,f,1959,genre,2376
f,f,1960,genre,8017
f,f,1961,genre,4329
f,f,1962,genre,9966
f,f,1963,genre,1494
f,f,1964,genre,2293
f,f,1965,genre,2252
f,f,1966,genre,3442
f,f,1967,genre,11743
f,f,1968,genre,6286
f,f,1969,genre,5014
f,f,1970,genre,4344
f,f,1971,genre,2622
f,f,1972,genre,2431
f,f,1973,genre,3562
f,f,1974,genre,3223
f,f,1975,genre,6960
f,f,1976,genre,6107
f,f,1977,genre,3677
f,f,1978,genre,4490
f,f,1979,genre,10245
f,f,1980,genre,7014
f,f,1981,genre,11967
f,f,1982,genre,10469
f,f,1983,genre,20595
f,f,1984,genre,6130
f,f,1985,genre,5832
f,f,1986,genre,8728
f,f,1987,genre,11330
f,f,1988,genre,16910
f,f,1989,genre,11762
f,f,1990,genre,13758
f,f,1991,genre,23037
f,f,1992,genre,60876
f,f,1993,genre,55896
f,f,1994,genre,64076
f,f,1995,genre,72007
f,f,1996,genre,65395
f,f,1997,genre,86663
f,f,1998,genre,91818
f,f,1999,genre,128108
f,f,2000,genre,76317
f,f,2001,genre,85968
f,f,2002,genre,42938
f,f,2003,genre,53624
f,f,2004,genre,104602
f,f,2005,genre,138499
f,f,2006,genre,107903
f,f,2007,genre,116245
f,f,2008,genre,132474
f,f,2009,genre,36963
f,f,2010,genre,209
f,f,2011,genre,0
f,f,2012,genre,0
f,f,2013,genre,0
f,f,2014,genre,0
f,f,1922,romance,0
f,f,1923,romance,0
f,f,1924,romance,0
f,f,1925,romance,0
f,f,1926,romance,0
f,f,1927,romance,0
f,f,1928,romance,0
f,f,1929,romance,0
f,f,1930,romance,0
f,f,1931,romance,0
f,f,1932,romance,0
f,f,1933,romance,0
f,f,1934,romance,0
f,f,1935,romance,0
f,f,1936,romance,0
f,f,1937,romance,0
f,f,1938,romance,0
f,f,1939,romance,0
f,f,1940,romance,0
f,f,1941,romance,0
f,f,1942,romance,0
f,f,1943,romance,0
f,f,1944,romance,0
f,f,1945,romance,0
f,f,1946,romance,0
f,f,1947,romance,0
f,f,1948,romance,0
f,f,1949,romance,0
f,f,1950,romance,0
f,f,1951,romance,0
f,f,1952,romance,0
f,f,1953,romance,0
f,f,1954,romance,0
f,f,1955,romance,0
f,f,1956,romance,0
f,f,1957,romance,0
f,f,1958,romance,198
f,f,1959,romance,0
f,f,1960,romance,0
f,f,1961,romance,0
f,f,1962,romance,0
f,f,1963,romance,1971
f,f,1964,romance,430
f,f,1965,romance,44
f,f,1966,romance,0
f,f,1967,romance,0
f,f,1968,romance,3570
f,f,1969,romance,14
f,f,1970,romance,0
f,f,1971,romance,4
f,f,1972,romance,0
f,f,1973,romance,0
f,f,1974,romance,2035
f,f,1975,romance,0
f,f,1976,romance,0
f,f,1977,romance,0
f,f,1978,romance,0
f,f,1979,romance,0
f,f,1980,romance,13
f,f,1981,romance,354
f,f,1982,romance,15890
f,f,1983,romance,0
f,f,1984,romance,0
f,f,1985,romance,0
f,f,1986,romance,0
f,f,1987,romance,0
f,f,1988,romance,2086
f,f,1989,romance,0
f,f,1990,romance,0
f,f,1991,romance,2783
f,f,1992,romance,398
f,f,1993,romance,2448
f,f,1994,romance,0
f,f,1995,romance,5426
f,f,1996,romance,516
f,f,1997,romance,0
f,f,1998,romance,0
f,f,1999,romance,0
f,f,2000,romance,0
f,f,2001,romance,0
f,f,2002,romance,0
f,f,2003,romance,0
f,f,2004,romance,0
f,f,2005,romance,0
f,f,2006,romance,0
f,f,2007,romance,0
f,f,2008,romance,0
f,f,2009,romance,0
f,f,2010,romance,0
f,f,2011,romance,0
f,f,2012,romance,0
f,f,2013,romance,0
f,f,2014,romance,0
f,m,1922,none,27167
f,m,1923,none,335172
f,m,1924,none,356351
f,m,1925,none,320788
f,m,1926,none,297184
f,m,1927,none,367624
f,m,1928,none,297762
f,m,1929,none,346741
f,m,1930,none,342923
f,m,1931,none,232463
f,m,1932,none,315394
f,m,1933,none,279930
f,m,1934,none,314987
f,m,1935,none,361077
f,m,1936,none,278024
f,m,1937,none,348582
f,m,1938,none,230326
f,m,1939,none,188382
f,m,1940,none,250610
f,m,1941,none,228515
f,m,1942,none,213775
f,m,1943,none,236833
f,m,1944,none,182026
f,m,1945,none,246205
f,m,1946,none,339650
f,m,1947,none,383327
f,m,1948,none,331155
f,m,1949,none,298485
f,m,1950,none,370378
f,m,1951,none,382727
f,m,1952,none,395819
f,m,1953,none,349718
f,m,1954,none,385782
f,m,1955,none,379185
f,m,1956,none,373092
f,m,1957,none,318302
f,m,1958,none,329613
f,m,1959,none,331817
f,m,1960,none,330832
f,m,1961,none,391781
f,m,1962,none,339706
f,m,1963,none,332414
f,m,1964,none,372925
f,m,1965,none,342613
f,m,1966,none,394132
f,m,1967,none,414748
f,m,1968,none,460665
f,m,1969,none,436799
f,m,1970,none,417360
f,m,1971,none,322053
f,m,1972,none,284938
f,m,1973,none,312981
f,m,1974,none,287116
f,m,1975,none,313192
f,m,1976,none,341013
f,m,1977,none,305764
f,m,1978,none,395705
f,m,1979,none,368291
f,m,1980,none,360072
f,m,1981,none,409422
f,m,1982,none,372720
f,m,1983,none,355771
f,m,1984,none,377648
f,m,1985,none,346282
f,m,1986,none,360075
f,m,1987,none,360627
f,m,1988,none,417029
f,m,1989,none,452162
f,m,1990,none,429862
f,m,1991,none,450602
f,m,1992,none,369841
f,m,1993,none,386883
f,m,1994,none,334883
f,m,1995,none,441463
f,m,1996,none,369907
f,m,1997,none,434212
f,m,1998,none,402045
f,m,1999,none,398298
f,m,2000,none,440858
f,m,2001,none,409121
f,m,2002,none,414796
f,m,2003,none,457393
f,m,2004,none,431667
f,m,2005,none,403227
f,m,2006,none,378406
f,m,2007,none,381630
f,m,2008,none,279068
f,m,2009,none,197476
f,m,2010,none,7328
f,m,2011,none,1845
f,m,2012,none,0
f,m,2013,none,32
f,m,2014,none,0
f,m,1922,genre,0
f,m,1923,genre,113
f,m,1924,genre,172
f,m,1925,genre,34
f,m,1926,genre,184
f,m,1927,genre,288
f,m,1928,genre,1403
f,m,1929,genre,6081
f,m,1930,genre,314
f,m,1931,genre,1947
f,m,1932,genre,271
f,m,1933,genre,1775
f,m,1934,genre,1618
f,m,1935,genre,524
f,m,1936,genre,343
f,m,1937,genre,1038
f,m,1938,genre,241
f,m,1939,genre,1551
f,m,1940,genre,5273
f,m,1941,genre,390
f,m,1942,genre,4290
f,m,1943,genre,1948
f,m,1944,genre,3988
f,m,1945,genre,2686
f,m,1946,genre,11296
f,m,1947,genre,2611
f,m,1948,genre,2418
f,m,1949,genre,6460
f,m,1950,genre,3613
f,m,1951,genre,11745
f,m,1952,genre,9656
f,m,1953,genre,8568
f,m,1954,genre,2975
f,m,1955,genre,6793
f,m,1956,genre,1853
f,m,1957,genre,15157
f,m,1958,genre,5819
f,m,1959,genre,16215
f,m,1960,genre,5633
f,m,1961,genre,11259
f,m,1962,genre,8023
f,m,1963,genre,11553
f,m,1964,genre,1811
f,m,1965,genre,6908
f,m,1966,genre,5606
f,m,1967,genre,1890
f,m,1968,genre,9527
f,m,1969,genre,7949
f,m,1970,genre,5668
f,m,1971,genre,4762
f,m,1972,genre,8600
f,m,1973,genre,7303
f,m,1974,genre,18295
f,m,1975,genre,8511
f,m,1976,genre,7494
f,m,1977,genre,9098
f,m,1978,genre,14714
f,m,1979,genre,14177
f,m,1980,genre,10457
f,m,1981,genre,8285
f,m,1982,genre,12482
f,m,1983,genre,7114
f,m,1984,genre,13992
f,m,1985,genre,12785
f,m,1986,genre,26958
f,m,1987,genre,9233
f,m,1988,genre,21613
f,m,1989,genre,7738
f,m,1990,genre,20882
f,m,1991,genre,21520
f,m,1992,genre,34867
f,m,1993,genre,42228
f,m,1994,genre,57674
f,m,1995,genre,68164
f,m,1996,genre,63369
f,m,1997,genre,91411
f,m,1998,genre,53872
f,m,1999,genre,73691
f,m,2000,genre,84622
f,m,2001,genre,44466
f,m,2002,genre,40056
f,m,2003,genre,43425
f,m,2004,genre,85782
f,m,2005,genre,86264
f,m,2006,genre,95451
f,m,2007,genre,131277
f,m,2008,genre,127247
f,m,2009,genre,99984
f,m,2010,genre,2052
f,m,2011,genre,0
f,m,2012,genre,0
f,m,2013,genre,0
f,m,2014,genre,0
f,m,1922,romance,0
f,m,1923,romance,0
f,m,1924,romance,0
f,m,1925,romance,271
f,m,1926,romance,0
f,m,1927,romance,0
f,m,1928,romance,0
f,m,1929,romance,0
f,m,1930,romance,0
f,m,1931,romance,0
f,m,1932,romance,0
f,m,1933,romance,0
f,m,1934,romance,390
f,m,1935,romance,0
f,m,1936,romance,0
f,m,1937,romance,0
f,m,1938,romance,0
f,m,1939,romance,70
f,m,1940,romance,0
f,m,1941,romance,0
f,m,1942,romance,0
f,m,1943,romance,0
f,m,1944,romance,0
f,m,1945,romance,0
f,m,1946,romance,0
f,m,1947,romance,0
f,m,1948,romance,1520
f,m,1949,romance,0
f,m,1950,romance,246
f,m,1951,romance,0
f,m,1952,romance,0
f,m,1953,romance,813
f,m,1954,romance,0
f,m,1955,romance,840
f,m,1956,romance,316
f,m,1957,romance,426
f,m,1958,romance,0
f,m,1959,romance,0
f,m,1960,romance,0
f,m,1961,romance,0
f,m,1962,romance,0
f,m,1963,romance,17
f,m,1964,romance,0
f,m,1965,romance,0
f,m,1966,romance,0
f,m,1967,romance,1705
f,m,1968,romance,1388
f,m,1969,romance,0
f,m,1970,romance,0
f,m,1971,romance,0
f,m,1972,romance,0
f,m,1973,romance,166
f,m,1974,romance,0
f,m,1975,romance,0
f,m,1976,romance,0
f,m,1977,romance,4
f,m,1978,romance,2932
f,m,1979,romance,0
f,m,1980,romance,0
f,m,1981,romance,0
f,m,1982,romance,0
f,m,1983,romance,0
f,m,1984,romance,0
f,m,1985,romance,0
f,m,1986,romance,0
f,m,1987,romance,358
f,m,1988,romance,797
f,m,1989,romance,0
f,m,1990,romance,757
f,m,1991,romance,0
f,m,1992,romance,0
f,m,1993,romance,0
f,m,1994,romance,1030
f,m,1995,romance,189
f,m,1996,romance,520
f,m,1997,romance,723
f,m,1998,romance,0
f,m,1999,romance,70
f,m,2000,romance,0
f,m,2001,romance,0
f,m,2002,romance,0
f,m,2003,romance,0
f,m,2004,romance,0
f,m,2005,romance,0
f,m,2006,romance,0
f,m,2007,romance,0
f,m,2008,romance,0
f,m,2009,romance,2653
f,m,2010,romance,0
f,m,2011,romance,0
f,m,2012,romance,0
f,m,2013,romance,0
f,m,2014,romance,0
m,u,1922,none,165410
m,u,1923,none,602466
m,u,1924,none,469411
m,u,1925,none,524221
m,u,1926,none,600367
m,u,1927,none,517497
m,u,1928,none,727845
m,u,1929,none,855077
m,u,1930,none,862757
m,u,1931,none,711152
m,u,1932,none,521292
m,u,1933,none,635753
m,u,1934,none,481351
m,u,1935,none,643772
m,u,1936,none,632178
m,u,1937,none,623019
m,u,1938,none,578671
m,u,1939,none,490249
m,u,1940,none,509643
m,u,1941,none,524451
m,u,1942,none,543791
m,u,1943,none,586936
m,u,1944,none,432091
m,u,1945,none,658692
m,u,1946,none,951933
m,u,1947,none,1035983
m,u,1948,none,898693
m,u,1949,none,725954
m,u,1950,none,1167945
m,u,1951,none,1016954
m,u,1952,none,908808
m,u,1953,none,803114
m,u,1954,none,838352
m,u,1955,none,995324
m,u,1956,none,1000237
m,u,1957,none,994351
m,u,1958,none,815735
m,u,1959,none,806952
m,u,1960,none,1136101
m,u,1961,none,1221415
m,u,1962,none,1157867
m,u,1963,none,985575
m,u,1964,none,1010361
m,u,1965,none,1153374
m,u,1966,none,1021999
m,u,1967,none,1340754
m,u,1968,none,1437854
m,u,1969,none,1424973
m,u,1970,none,1381166
m,u,1971,none,878770
m,u,1972,none,977079
m,u,1973,none,895109
m,u,1974,none,797533
m,u,1975,none,991609
m,u,1976,none,1232867
m,u,1977,none,1088715
m,u,1978,none,1057928
m,u,1979,none,999074
m,u,1980,none,1005163
m,u,1981,none,1001270
m,u,1982,none,1054660
m,u,1983,none,1112961
m,u,1984,none,909212
m,u,1985,none,1037187
m,u,1986,none,1046187
m,u,1987,none,950601
m,u,1988,none,1094832
m,u,1989,none,1204891
m,u,1990,none,1314806
m,u,1991,none,1167159
m,u,1992,none,1374439
m,u,1993,none,1203685
m,u,1994,none,1251937
m,u,1995,none,882746
m,u,1996,none,1018497
m,u,1997,none,987868
m,u,1998,none,948474
m,u,1999,none,960753
m,u,2000,none,910368
m,u,2001,none,782321
m,u,2002,none,867577
m,u,2003,none,820864
m,u,2004,none,855327
m,u,2005,none,890491
m,u,2006,none,912923
m,u,2007,none,1036991
m,u,2008,none,505942
m,u,2009,none,220276
m,u,2010,none,36402
m,u,2011,none,65
m,u,2012,none,0
m,u,2013,none,0
m,u,2014,none,0
m,u,1922,genre,0
m,u,1923,genre,3300
m,u,1924,genre,1740
m,u,1925,genre,4347
m,u,1926,genre,0
m,u,1927,genre,1814
m,u,1928,genre,706
m,u,1929,genre,10491
m,u,1930,genre,13767
m,u,1931,genre,17805
m,u,1932,genre,5892
m,u,1933,genre,3346
m,u,1934,genre,3189
m,u,1935,genre,10895
m,u,1936,genre,1514
m,u,1937,genre,1098
m,u,1938,genre,2937
m,u,1939,genre,2075
m,u,1940,genre,7397
m,u,1941,genre,0
m,u,1942,genre,0
m,u,1943,genre,982
m,u,1944,genre,0
m,u,1945,genre,6556
m,u,1946,genre,44530
m,u,1947,genre,2976
m,u,1948,genre,31558
m,u,1949,genre,8419
m,u,1950,genre,1610
m,u,1951,genre,25435
m,u,1952,genre,26354
m,u,1953,genre,7268
m,u,1954,genre,13973
m,u,1955,genre,13786
m,u,1956,genre,9087
m,u,1957,genre,6041
m,u,1958,genre,6678
m,u,1959,genre,3391
m,u,1960,genre,38794
m,u,1961,genre,12778
m,u,1962,genre,37524
m,u,1963,genre,33875
m,u,1964,genre,3882
m,u,1965,genre,18699
m,u,1966,genre,16447
m,u,1967,genre,82298
m,u,1968,genre,10090
m,u,1969,genre,9819
m,u,1970,genre,28152
m,u,1971,genre,15247
m,u,1972,genre,17263
m,u,1973,genre,15642
m,u,1974,genre,53706
m,u,1975,genre,63804
m,u,1976,genre,43767
m,u,1977,genre,67082
m,u,1978,genre,57491
m,u,1979,genre,97275
m,u,1980,genre,78328
m,u,1981,genre,53345
m,u,1982,genre,61321
m,u,1983,genre,79742
m,u,1984,genre,75830
m,u,1985,genre,85621
m,u,1986,genre,56160
m,u,1987,genre,24467
m,u,1988,genre,49398
m,u,1989,genre,63777
m,u,1990,genre,70908
m,u,1991,genre,107580
m,u,1992,genre,97524
m,u,1993,genre,104101
m,u,1994,genre,92995
m,u,1995,genre,110502
m,u,1996,genre,93948
m,u,1997,genre,95828
m,u,1998,genre,79628
m,u,1999,genre,80137
m,u,2000,genre,86834
m,u,2001,genre,106035
m,u,2002,genre,60898
m,u,2003,genre,78148
m,u,2004,genre,97897
m,u,2005,genre,146258
m,u,2006,genre,135635
m,u,2007,genre,116890
m,u,2008,genre,133726
m,u,2009,genre,68058
m,u,2010,genre,6723
m,u,2011,genre,0
m,u,2012,genre,0
m,u,2013,genre,0
m,u,2014,genre,0
m,u,1922,romance,0
m,u,1923,romance,0
m,u,1924,romance,0
m,u,1925,romance,0
m,u,1926,romance,0
m,u,1927,romance,0
m,u,1928,romance,1079
m,u,1929,romance,0
m,u,1930,romance,0
m,u,1931,romance,1060
m,u,1932,romance,0
m,u,1933,romance,3948
m,u,1934,romance,28
m,u,1935,romance,0
m,u,1936,romance,0
m,u,1937,romance,3125
m,u,1938,romance,0
m,u,1939,romance,1185
m,u,1940,romance,2473
m,u,1941,romance,0
m,u,1942,romance,606
m,u,1943,romance,0
m,u,1944,romance,139
m,u,1945,romance,481
m,u,1946,romance,0
m,u,1947,romance,0
m,u,1948,romance,0
m,u,1949,romance,0
m,u,1950,romance,0
m,u,1951,romance,0
m,u,1952,romance,0
m,u,1953,romance,0
m,u,1954,romance,390
m,u,1955,romance,0
m,u,1956,romance,0
m,u,1957,romance,1730
m,u,1958,romance,989
m,u,1959,romance,0
m,u,1960,romance,0
m,u,1961,romance,2370
m,u,1962,romance,23155
m,u,1963,romance,6985
m,u,1964,romance,10774
m,u,1965,romance,0
m,u,1966,romance,1762
m,u,1967,romance,1436
m,u,1968,romance,4635
m,u,1969,romance,1287
m,u,1970,romance,0
m,u,1971,romance,1135
m,u,1972,romance,1214
m,u,1973,romance,1283
m,u,1974,romance,1186
m,u,1975,romance,3641
m,u,1976,romance,0
m,u,1977,romance,7203
m,u,1978,romance,0
m,u,1979,romance,0
m,u,1980,romance,2468
m,u,1981,romance,0
m,u,1982,romance,0
m,u,1983,romance,0
m,u,1984,romance,5869
m,u,1985,romance,0
m,u,1986,romance,15119
m,u,1987,romance,0
m,u,1988,romance,2656
m,u,1989,romance,1880
m,u,1990,romance,1301
m,u,1991,romance,4009
m,u,1992,romance,0
m,u,1993,romance,6600
m,u,1994,romance,13393
m,u,1995,romance,18326
m,u,1996,romance,1533
m,u,1997,romance,0
m,u,1998,romance,10821
m,u,1999,romance,0
m,u,2000,romance,1065
m,u,2001,romance,8843
m,u,2002,romance,0
m,u,2003,romance,0
m,u,2004,romance,1116
m,u,2005,romance,0
m,u,2006,romance,0
m,u,2007,romance,9975
m,u,2008,romance,0
m,u,2009,romance,0
m,u,2010,romance,0
m,u,2011,romance,0
m,u,2012,romance,0
m,u,2013,romance,0
m,u,2014,romance,0
m,f,1922,none,62
m,f,1923,none,128734
m,f,1924,none,130429
m,f,1925,none,156516
m,f,1926,none,158371
m,f,1927,none,188836
m,f,1928,none,193502
m,f,1929,none,234213
m,f,1930,none,235433
m,f,1931,none,275609
m,f,1932,none,229763
m,f,1933,none,231785
m,f,1934,none,282580
m,f,1935,none,301603
m,f,1936,none,310055
m,f,1937,none,288793
m,f,1938,none,301212
m,f,1939,none,243296
m,f,1940,none,208013
m,f,1941,none,306062
m,f,1942,none,272001
m,f,1943,none,277465
m,f,1944,none,282591
m,f,1945,none,314215
m,f,1946,none,389556
m,f,1947,none,365004
m,f,1948,none,335406
m,f,1949,none,312805
m,f,1950,none,361052
m,f,1951,none,342898
m,f,1952,none,392944
m,f,1953,none,343125
m,f,1954,none,388641
m,f,1955,none,347871
m,f,1956,none,325677
m,f,1957,none,325579
m,f,1958,none,299571
m,f,1959,none,260307
m,f,1960,none,347650
m,f,1961,none,318781
m,f,1962,none,311781
m,f,1963,none,329371
m,f,1964,none,306693
m,f,1965,none,327923
m,f,1966,none,327730
m,f,1967,none,290227
m,f,1968,none,370551
m,f,1969,none,330921
m,f,1970,none,367815
m,f,1971,none,249982
m,f,1972,none,240051
m,f,1973,none,318464
m,f,1974,none,285542
m,f,1975,none,286472
m,f,1976,none,321728
m,f,1977,none,266838
m,f,1978,none,362185
m,f,1979,none,422281
m,f,1980,none,405298
m,f,1981,none,436544
m,f,1982,none,391947
m,f,1983,none,330567
m,f,1984,none,367521
m,f,1985,none,429607
m,f,1986,none,361474
m,f,1987,none,478475
m,f,1988,none,582046
m,f,1989,none,518010
m,f,1990,none,496309
m,f,1991,none,544751
m,f,1992,none,538103
m,f,1993,none,494690
m,f,1994,none,657036
m,f,1995,none,573884
m,f,1996,none,659982
m,f,1997,none,664954
m,f,1998,none,582807
m,f,1999,none,605634
m,f,2000,none,637528
m,f,2001,none,623827
m,f,2002,none,641626
m,f,2003,none,652326
m,f,2004,none,594087
m,f,2005,none,590847
m,f,2006,none,675519
m,f,2007,none,691385
m,f,2008,none,542439
m,f,2009,none,303495
m,f,2010,none,7607
m,f,2011,none,0
m,f,2012,none,0
m,f,2013,none,0
m,f,2014,none,0
m,f,1922,genre,0
m,f,1923,genre,781
m,f,1924,genre,459
m,f,1925,genre,0
m,f,1926,genre,4242
m,f,1927,genre,344
m,f,1928,genre,13053
m,f,1929,genre,6033
m,f,1930,genre,4697
m,f,1931,genre,0
m,f,1932,genre,1001
m,f,1933,genre,0
m,f,1934,genre,1299
m,f,1935,genre,2477
m,f,1936,genre,479
m,f,1937,genre,0
m,f,1938,genre,1367
m,f,1939,genre,938
m,f,1940,genre,1650
m,f,1941,genre,1127
m,f,1942,genre,194
m,f,1943,genre,820
m,f,1944,genre,0
m,f,1945,genre,2375
m,f,1946,genre,1620
m,f,1947,genre,891
m,f,1948,genre,0
m,f,1949,genre,5305
m,f,1950,genre,1850
m,f,1951,genre,9485
m,f,1952,genre,2265
m,f,1953,genre,5436
m,f,1954,genre,3826
m,f,1955,genre,10086
m,f,1956,genre,2325
m,f,1957,genre,5671
m,f,1958,genre,4900
m,f,1959,genre,948
m,f,1960,genre,15125
m,f,1961,genre,1787
m,f,1962,genre,13199
m,f,1963,genre,3691
m,f,1964,genre,1084
m,f,1965,genre,2219
m,f,1966,genre,6254
m,f,1967,genre,16932
m,f,1968,genre,4878
m,f,1969,genre,6500
m,f,1970,genre,6248
m,f,1971,genre,4792
m,f,1972,genre,10142
m,f,1973,genre,5397
m,f,1974,genre,14916
m,f,1975,genre,13428
m,f,1976,genre,8584
m,f,1977,genre,8673
m,f,1978,genre,9842
m,f,1979,genre,13424
m,f,1980,genre,6704
m,f,1981,genre,10818
m,f,1982,genre,15691
m,f,1983,genre,12557
m,f,1984,genre,23511
m,f,1985,genre,8625
m,f,1986,genre,25601
m,f,1987,genre,14997
m,f,1988,genre,19770
m,f,1989,genre,6265
m,f,1990,genre,17303
m,f,1991,genre,22203
m,f,1992,genre,70818
m,f,1993,genre,43756
m,f,1994,genre,71874
m,f,1995,genre,78510
m,f,1996,genre,74119
m,f,1997,genre,144716
m,f,1998,genre,98352
m,f,1999,genre,145470
m,f,2000,genre,96831
m,f,2001,genre,90938
m,f,2002,genre,48264
m,f,2003,genre,88710
m,f,2004,genre,148281
m,f,2005,genre,191358
m,f,2006,genre,141982
m,f,2007,genre,167634
m,f,2008,genre,239699
m,f,2009,genre,78750
m,f,2010,genre,124
m,f,2011,genre,0
m,f,2012,genre,0
m,f,2013,genre,0
m,f,2014,genre,0
m,f,1922,romance,0
m,f,1923,romance,0
m,f,1924,romance,0
m,f,1925,romance,0
m,f,1926,romance,0
m,f,1927,romance,0
m,f,1928,romance,0
m,f,1929,romance,0
m,f,1930,romance,0
m,f,1931,romance,0
m,f,1932,romance,0
m,f,1933,romance,0
m,f,1934,romance,0
m,f,1935,romance,0
m,f,1936,romance,0
m,f,1937,romance,0
m,f,1938,romance,0
m,f,1939,romance,0
m,f,1940,romance,0
m,f,1941,romance,0
m,f,1942,romance,0
m,f,1943,romance,0
m,f,1944,romance,0
m,f,1945,romance,0
m,f,1946,romance,0
m,f,1947,romance,0
m,f,1948,romance,0
m,f,1949,romance,0
m,f,1950,romance,0
m,f,1951,romance,0
m,f,1952,romance,0
m,f,1953,romance,0
m,f,1954,romance,0
m,f,1955,romance,0
m,f,1956,romance,0
m,f,1957,romance,0
m,f,1958,romance,1748
m,f,1959,romance,0
m,f,1960,romance,0
m,f,1961,romance,0
m,f,1962,romance,0
m,f,1963,romance,3677
m,f,1964,romance,629
m,f,1965,romance,81
m,f,1966,romance,0
m,f,1967,romance,0
m,f,1968,romance,1602
m,f,1969,romance,100
m,f,1970,romance,0
m,f,1971,romance,508
m,f,1972,romance,0
m,f,1973,romance,0
m,f,1974,romance,904
m,f,1975,romance,0
m,f,1976,romance,0
m,f,1977,romance,0
m,f,1978,romance,0
m,f,1979,romance,0
m,f,1980,romance,1193
m,f,1981,romance,2697
m,f,1982,romance,9264
m,f,1983,romance,0
m,f,1984,romance,0
m,f,1985,romance,104
m,f,1986,romance,0
m,f,1987,romance,0
m,f,1988,romance,7337
m,f,1989,romance,0
m,f,1990,romance,0
m,f,1991,romance,1348
m,f,1992,romance,806
m,f,1993,romance,2038
m,f,1994,romance,0
m,f,1995,romance,7025
m,f,1996,romance,4164
m,f,1997,romance,0
m,f,1998,romance,0
m,f,1999,romance,0
m,f,2000,romance,0
m,f,2001,romance,0
m,f,2002,romance,0
m,f,2003,romance,0
m,f,2004,romance,0
m,f,2005,romance,0
m,f,2006,romance,0
m,f,2007,romance,0
m,f,2008,romance,0
m,f,2009,romance,0
m,f,2010,romance,0
m,f,2011,romance,0
m,f,2012,romance,0
m,f,2013,romance,0
m,f,2014,romance,0
m,m,1922,none,48834
m,m,1923,none,745382
m,m,1924,none,724797
m,m,1925,none,722265
m,m,1926,none,643719
m,m,1927,none,847713
m,m,1928,none,748122
m,m,1929,none,788935
m,m,1930,none,872132
m,m,1931,none,602673
m,m,1932,none,746546
m,m,1933,none,714349
m,m,1934,none,794321
m,m,1935,none,913811
m,m,1936,none,705942
m,m,1937,none,810369
m,m,1938,none,644129
m,m,1939,none,524594
m,m,1940,none,723625
m,m,1941,none,588493
m,m,1942,none,714189
m,m,1943,none,697636
m,m,1944,none,537354
m,m,1945,none,633330
m,m,1946,none,853056
m,m,1947,none,1021156
m,m,1948,none,867520
m,m,1949,none,822808
m,m,1950,none,1043049
m,m,1951,none,1010899
m,m,1952,none,969515
m,m,1953,none,936619
m,m,1954,none,1018474
m,m,1955,none,1092558
m,m,1956,none,996613
m,m,1957,none,891290
m,m,1958,none,950593
m,m,1959,none,951941
m,m,1960,none,883769
m,m,1961,none,1067833
m,m,1962,none,949745
m,m,1963,none,896199
m,m,1964,none,1085902
m,m,1965,none,1074921
m,m,1966,none,1114186
m,m,1967,none,1221761
m,m,1968,none,1269636
m,m,1969,none,1221409
m,m,1970,none,1173017
m,m,1971,none,1013320
m,m,1972,none,829209
m,m,1973,none,972548
m,m,1974,none,908669
m,m,1975,none,941323
m,m,1976,none,953574
m,m,1977,none,903571
m,m,1978,none,1118944
m,m,1979,none,1087341
m,m,1980,none,1029109
m,m,1981,none,1068135
m,m,1982,none,1055100
m,m,1983,none,1009621
m,m,1984,none,1025565
m,m,1985,none,925239
m,m,1986,none,925632
m,m,1987,none,1026143
m,m,1988,none,1037837
m,m,1989,none,1110790
m,m,1990,none,1084561
m,m,1991,none,1092151
m,m,1992,none,888185
m,m,1993,none,1003812
m,m,1994,none,898110
m,m,1995,none,1055036
m,m,1996,none,924698
m,m,1997,none,1083206
m,m,1998,none,945777
m,m,1999,none,903857
m,m,2000,none,1133548
m,m,2001,none,931638
m,m,2002,none,981102
m,m,2003,none,1036751
m,m,2004,none,972660
m,m,2005,none,909204
m,m,2006,none,914533
m,m,2007,none,859750
m,m,2008,none,667330
m,m,2009,none,430800
m,m,2010,none,6768
m,m,2011,none,3441
m,m,2012,none,0
m,m,2013,none,1942
m,m,2014,none,0
m,m,1922,genre,0
m,m,1923,genre,2118
m,m,1924,genre,170
m,m,1925,genre,1574
m,m,1926,genre,3621
m,m,1927,genre,2952
m,m,1928,genre,7917
m,m,1929,genre,21269
m,m,1930,genre,6058
m,m,1931,genre,6622
m,m,1932,genre,4447
m,m,1933,genre,9747
m,m,1934,genre,13261
m,m,1935,genre,3165
m,m,1936,genre,2422
m,m,1937,genre,7580
m,m,1938,genre,2156
m,m,1939,genre,9562
m,m,1940,genre,18138
m,m,1941,genre,6384
m,m,1942,genre,13695
m,m,1943,genre,7283
m,m,1944,genre,13383
m,m,1945,genre,17780
m,m,1946,genre,48067
m,m,1947,genre,7717
m,m,1948,genre,16764
m,m,1949,genre,33841
m,m,1950,genre,24392
m,m,1951,genre,34959
m,m,1952,genre,37333
m,m,1953,genre,31325
m,m,1954,genre,25036
m,m,1955,genre,22314
m,m,1956,genre,7924
m,m,1957,genre,33962
m,m,1958,genre,29254
m,m,1959,genre,52794
m,m,1960,genre,24468
m,m,1961,genre,37735
m,m,1962,genre,31662
m,m,1963,genre,40655
m,m,1964,genre,9749
m,m,1965,genre,26796
m,m,1966,genre,30247
m,m,1967,genre,18041
m,m,1968,genre,39981
m,m,1969,genre,30617
m,m,1970,genre,28407
m,m,1971,genre,17264
m,m,1972,genre,33231
m,m,1973,genre,46630
m,m,1974,genre,71592
m,m,1975,genre,39855
m,m,1976,genre,39827
m,m,1977,genre,51799
m,m,1978,genre,47871
m,m,1979,genre,38860
m,m,1980,genre,43836
m,m,1981,genre,30852
m,m,1982,genre,52389
m,m,1983,genre,42530
m,m,1984,genre,56946
m,m,1985,genre,42668
m,m,1986,genre,26383
m,m,1987,genre,45880
m,m,1988,genre,72434
m,m,1989,genre,44137
m,m,1990,genre,58722
m,m,1991,genre,58567
m,m,1992,genre,112208
m,m,1993,genre,123183
m,m,1994,genre,175231
m,m,1995,genre,165094
m,m,1996,genre,240148
m,m,1997,genre,292322
m,m,1998,genre,199121
m,m,1999,genre,205315
m,m,2000,genre,214067
m,m,2001,genre,133394
m,m,2002,genre,95546
m,m,2003,genre,131231
m,m,2004,genre,273631
m,m,2005,genre,282135
m,m,2006,genre,259214
m,m,2007,genre,351802
m,m,2008,genre,372452
m,m,2009,genre,308932
m,m,2010,genre,5763
m,m,2011,genre,0
m,m,2012,genre,0
m,m,2013,genre,0
m,m,2014,genre,0
m,m,1922,romance,0
m,m,1923,romance,0
m,m,1924,romance,0
m,m,1925,romance,1035
m,m,1926,romance,0
m,m,1927,romance,0
m,m,1928,romance,0
m,m,1929,romance,0
m,m,1930,romance,0
m,m,1931,romance,0
m,m,1932,romance,0
m,m,1933,romance,0
m,m,1934,romance,5122
m,m,1935,romance,0
m,m,1936,romance,0
m,m,1937,romance,0
m,m,1938,romance,0
m,m,1939,romance,1221
m,m,1940,romance,0
m,m,1941,romance,0
m,m,1942,romance,0
m,m,1943,romance,0
m,m,1944,romance,0
m,m,1945,romance,0
m,m,1946,romance,0
m,m,1947,romance,0
m,m,1948,romance,2374
m,m,1949,romance,0
m,m,1950,romance,2074
m,m,1951,romance,0
m,m,1952,romance,0
m,m,1953,romance,11882
m,m,1954,romance,0
m,m,1955,romance,13945
m,m,1956,romance,1790
m,m,1957,romance,2836
m,m,1958,romance,0
m,m,1959,romance,0
m,m,1960,romance,0
m,m,1961,romance,0
m,m,1962,romance,0
m,m,1963,romance,1918
m,m,1964,romance,0
m,m,1965,romance,0
m,m,1966,romance,0
m,m,1967,romance,2962
m,m,1968,romance,1474
m,m,1969,romance,0
m,m,1970,romance,0
m,m,1971,romance,0
m,m,1972,romance,0
m,m,1973,romance,1253
m,m,1974,romance,0
m,m,1975,romance,0
m,m,1976,romance,0
m,m,1977,romance,236
m,m,1978,romance,13045
m,m,1979,romance,0
m,m,1980,romance,0
m,m,1981,romance,0
m,m,1982,romance,0
m,m,1983,romance,0
m,m,1984,romance,0
m,m,1985,romance,0
m,m,1986,romance,0
m,m,1987,romance,2473
m,m,1988,romance,1870
m,m,1989,romance,0
m,m,1990,romance,5915
m,m,1991,romance,0
m,m,1992,romance,0
m,m,1993,romance,0
m,m,1994,romance,1087
m,m,1995,romance,3235
m,m,1996,romance,499
m,m,1997,romance,1564
m,m,1998,romance,0
m,m,1999,romance,2100
m,m,2000,romance,0
m,m,2001,romance,0
m,m,2002,romance,0
m,m,2003,romance,0
m,m,2004,romance,0
m,m,2005,romance,0
m,m,2006,romance,0
m,m,2007,romance,0
m,m,2008,romance,0
m,m,2009,romance,16595
m,m,2010,romance,0
m,m,2011,romance,0
m,m,2012,romance,0
m,m,2013,romance,0
m,m,2014,romance,0
