"Name"	"Gender"	"PercentFemale"	"PercentMale"	"RangeStart"	"RangeEnd"	"nothing"	"year"	"author"	"title"
"Mary"	"F"	99.6	0.4	1880	1895	0	1900	"Johnston, Mary"	"To Have and To Hold"
"Mary"	"F"	99.6	0.4	1880	1895	1	1900	"Cholmondeley, Mary"	"Red Pottage"
"Robert"	"M"	0.5	99.5	1880	1895	2	1900	"Grant, Robert"	"Unleavened Bread"
"James Lane"	"M"	0.5	99.5	1880	1895	3	1900	"Allen, James Lane"	"The Reign of Law"
"Irving"	"M"	0	100	1880	1895	4	1900	"Bacheller, Irving"	"Eben Holden"
"Paul Leicester"	"M"	0.8	99.2	1880	1895	5	1900	"Ford, Paul Leicester"	"Janice Meredith"
"Charles Frederic"	"M"	0.6	99.4	1880	1895	6	1900	"Goss, Charles Frederic"	"The Redemption of David Corson"
"Winston"	"M"	0	100	1880	1895	7	1900	"Churchill, Winston"	"Richard Carvel"
"Charles"	"M"	0.6	99.4	1880	1895	8	1900	"Major, Charles"	"When Knighthood Was in Flower"
"Maurice"	"M"	0	100	1880	1895	9	1900	"Thompson, Maurice"	"Alice of Old Vincennes"
"Winston"	"M"	0	100	1880	1896	10	1901	"Churchill, Winston"	"The Crisis"
"Maurice"	"M"	0	100	1880	1896	11	1901	"Thompson, Maurice"	"Alice of Old Vincennes"
"Bertha"	"F"	99.5	0.5	1880	1896	12	1901	"Runkle, Bertha"	"The Helmet of Navarre"
"Gilbert"	"M"	0	100	1880	1896	13	1901	"Parker, Gilbert"	"The Right of Way"
"Irving"	"M"	0	100	1880	1896	14	1901	"Bacheller, Irving"	"Eben Holden"
"Elinor"	"F"	100	0	1880	1896	15	1901	"Glyn, Elinor"	"The Visits of Elizabeth"
"Harold"	"M"	0.4	99.6	1880	1896	16	1901	"MacGrath, Harold"	"The Puppet Crown"
"Maurice"	"M"	0	100	1880	1896	17	1901	"Hewlett, Maurice"	"Richard Yea-and-Nay"
"George Barr"	"M"	0.7	99.3	1880	1896	18	1901	"McCutcheon, George Barr"	"Graustark"
"Irving"	"M"	0	100	1880	1896	19	1901	"Bacheller, Irving"	"D'ri and I"
"Owen"	"M"	0	100	1880	1897	20	1902	"Wister, Owen"	"The Virginian"
"Alice Caldwell"	"F"	99.6	0.4	1880	1897	21	1902	"Hegan, Alice Caldwell"	"Mrs. Wiggs of the Cabbage Patch"
"Charles"	"M"	0.5	99.5	1880	1897	22	1902	"Major, Charles"	"Dorothy Vernon of Haddon Hall"
"Emerson"	"M"	0	100	1880	1897	23	1902	"Hough, Emerson"	"The Mississippi Bubble"
"Mary"	"F"	99.6	0.4	1880	1897	24	1902	"Johnston, Mary"	"Audrey"
"Gilbert"	"M"	0	100	1880	1897	25	1902	"Parker, Gilbert"	"The Right of Way"
"Conan"	"M"	0	0	1880	1897	26	1902	"Doyle, A. Conan"	"The Hound of the Baskervilles"
"Booth"	"M"	0	0	1880	1897	27	1902	"Tarkington, Booth"	"The Two Vanrevels"
"Dyke Henry"	"M"	0.7	99.3	1880	1897	28	1902	"van Dyke, Henry"	"The Blue Flower"
"Lucas"	"M"	0	100	1880	1897	29	1902	"Malet, Lucas"	"Sir Richard Calmady"
"Mary Augusta"	"F"	99.6	0.4	1880	1898	30	1903	"Ward, Mary Augusta"	"Lady Rose's Daughter"
"Thomas Nelson"	"M"	0.5	99.5	1880	1898	31	1903	"Page, Thomas Nelson"	"Gordon Keith"
"Frank"	"M"	0.6	99.4	1880	1898	32	1903	"Norris, Frank"	"The Pit"
"Alice Hegan"	"F"	99.6	0.4	1880	1898	33	1903	"Rice, Alice Hegan"	"Lovey Mary"
"Owen"	"M"	0	100	1880	1898	34	1903	"Wister, Owen"	"The Virginian"
"Alice Hegan"	"F"	99.6	0.4	1880	1898	35	1903	"Rice, Alice Hegan"	"Mrs. Wiggs of the Cabbage Patch"
"James Lane"	"M"	0.5	99.5	1880	1898	36	1903	"Allen, James Lane"	"The Mettle of the Pasture"
"George Horace"	"M"	0.7	99.3	1880	1898	37	1903	"Lorimer, George Horace"	"Letters of a Self-Made Merchant to His Son"
"Thomas Jr"	"M"	0.5	99.5	1880	1898	38	1903	"Dixon, Thomas Jr."	"The One Woman"
"John Jr"	"M"	0.6	99.4	1880	1898	39	1903	"Fox, John Jr."	"The Little Shepherd of Kingdom Come"
"Winston"	"M"	0	100	1880	1899	40	1904	"Churchill, Winston"	"The Crossing"
"Ellen"	"F"	99.7	0.3	1880	1899	41	1904	"Glasgow, Ellen"	"The Deliverance"
"Katherine Cecil"	"F"	99.9	0.1	1880	1899	42	1904	"Thurston, Katherine Cecil"	"The Masquerader"
"Miriam"	"F"	100	0	1880	1899	43	1904	"Michelson, Miriam"	"In the Bishop's Carriage"
"Mary"	"F"	99.6	0.4	1880	1899	44	1904	"Johnston, Mary"	"Sir Mortimer"
"George Barr"	"M"	0.7	99.3	1880	1899	45	1904	"McCutcheon, George Barr"	"Beverly of Graustark"
"John Jr"	"M"	0.6	99.4	1880	1899	46	1904	"Fox, John Jr."	"The Little Shepherd of Kingdom Come"
"Kate Douglas"	"F"	100	0	1880	1899	47	1904	"Wiggin, Kate Douglas"	"Rebecca of Sunnybrook Farm"
"Henry"	"M"	0.7	99.3	1880	1899	48	1904	"Harland, Henry"	"My Friend Prospero"
"Stewart Edward"	"M"	0	100	1880	1899	49	1904	"White, Stewart Edward"	"The Silent Places"
"Mary Augusta"	"F"	99.6	0.4	1880	1900	50	1905	"Ward, Mary Augusta"	"The Marriage of William Ashe"
"Alice Hegan"	"F"	99.6	0.4	1880	1900	51	1905	"Rice, Alice Hegan"	"Sandy"
"Robert"	"M"	0.6	99.4	1880	1900	52	1905	"Hichens, Robert"	"The Garden of Allah"
"Thomas Jr"	"M"	0.5	99.5	1880	1900	53	1905	"Dixon, Thomas Jr."	"The Clansman"
"George Barr"	"M"	0.7	99.3	1880	1900	54	1905	"McCutcheon, George Barr"	"Nedra"
"Katherine Cecil"	"F"	99.9	0.1	1880	1900	55	1905	"Thurston, Katherine Cecil"	"The Gambler"
"Katherine Cecil"	"F"	99.9	0.1	1880	1900	56	1905	"Thurston, Katherine Cecil"	"The Masquerader"
"Edith"	"F"	99.6	0.4	1880	1900	57	1905	"Wharton, Edith"	"The House of Mirth"
"And"	"F"	0	0	1880	1900	58	1905	"Williamson, C. N. and A. M."	"The Princess Passes"
"Kate Douglas"	"F"	100	0	1880	1900	59	1905	"Wiggin, Kate Douglas"	"Rose o' the River"
"Winston"	"M"	0	100	1880	1901	60	1906	"Churchill, Winston"	"Coniston"
"Owen"	"M"	0	100	1880	1901	61	1906	"Wister, Owen"	"Lady Baltimore"
"Robert"	"M"	0.6	99.4	1880	1901	62	1906	"Chambers, Robert W."	"The Fighting Chance"
"Meredith"	"M"	28.2	71.8	1880	1901	63	1906	"Nicholson, Meredith"	"The House of a Thousand Candles"
"George Barr"	"M"	0.7	99.3	1880	1901	64	1906	"McCutcheon, George Barr"	"Jane Cable"
"Upton"	"M"	0	0	1880	1901	65	1906	"Sinclair, Upton"	"The Jungle"
"Margaret"	"F"	99.6	0.4	1880	1901	66	1906	"Deland, Margaret"	"The Awakening of Helena Ritchie"
"Rex"	"M"	0	100	1880	1901	67	1906	"Beach, Rex"	"The Spoilers"
"Edith"	"F"	99.6	0.4	1880	1901	68	1906	"Wharton, Edith"	"The House of Mirth"
"Ellen"	"F"	99.7	0.3	1880	1901	69	1906	"Glasgow, Ellen"	"The Wheel of Life"
"Frances"	"F"	99	1	1880	1902	70	1907	"Little, Frances"	"The Lady of the Decoration"
"Gilbert"	"M"	0	100	1880	1902	71	1907	"Parker, Gilbert"	"The Weavers"
"Meredith"	"M"	33.9	66.1	1880	1902	72	1907	"Nicholson, Meredith"	"The Port of Missing Men"
"Frances Hodgson"	"F"	99	1	1880	1902	73	1907	"Burnett, Frances Hodgson"	"The Shuttle"
"Louis"	"M"	1	99	1880	1902	74	1907	"Vance, Louis J."	"The Brass Bowl"
"Hallie Erminie"	"F"	91.4	8.6	1880	1902	75	1907	"Rives, Hallie Erminie"	"Satan Sanderson"
"George Barr"	"M"	0.7	99.3	1880	1902	76	1907	"McCutcheon, George Barr"	"The Daughter of Anderson Crow"
"Robert"	"M"	0.6	99.4	1880	1902	77	1907	"Chambers, Robert W."	"The Younger Set"
"Ralph"	"M"	0.6	99.4	1880	1902	78	1907	"Connor, Ralph"	"The Doctor"
"Harold"	"M"	0.4	99.6	1880	1902	79	1907	"MacGrath, Harold"	"Half a Rogue"
"Winston"	"M"	0	100	1880	1903	80	1908	"Churchill, Winston"	"Mr. Crewe's Career"
"Rex"	"M"	0	100	1880	1903	81	1908	"Beach, Rex"	"The Barrier"
"John Jr"	"M"	0.6	99.4	1880	1903	82	1908	"Fox, John Jr."	"The Trail of the Lonesome Pine"
"Harold"	"M"	0.4	99.6	1880	1903	83	1908	"MacGrath, Harold"	"The Lure of the Mask"
"Frances Hodgson"	"F"	99	1	1880	1903	84	1908	"Burnett, Frances Hodgson"	"The Shuttle"
"Hopkinson"	"M"	0	0	1880	1903	85	1908	"Smith, F. Hopkinson"	"Peter"
"Mary"	"F"	99.6	0.4	1880	1903	86	1908	"Johnston, Mary"	"Lewis Rand"
"Louis"	"M"	1	99	1880	1903	87	1908	"Vance, Louis J."	"The Black Bag"
"George Barr"	"M"	0.7	99.3	1880	1903	88	1908	"McCutcheon, George Barr"	"The Man from Brodney's"
"Gilbert"	"M"	0	100	1880	1903	89	1908	"Parker, Gilbert"	"The Weavers"
"Basil"	"M"	0	100	1880	1904	90	1909	"King, Basil"	"The Inner Shrine"
"Elinor Macartney"	"F"	100	0	1880	1904	91	1909	"Lane, Elinor Macartney"	"Katrine"
"Rex"	"M"	0	100	1880	1904	92	1909	"Beach, Rex"	"The Silver Horde"
"Mary Roberts"	"F"	99.6	0.4	1880	1904	93	1909	"Rinehart, Mary Roberts"	"The Man in Lower Ten"
"John Jr"	"M"	0.6	99.4	1880	1904	94	1909	"Fox, John Jr."	"The Trail of the Lonesome Pine"
"George Barr"	"M"	0.7	99.3	1880	1904	95	1909	"McCutcheon, George Barr"	"Truxton King"
"Emerson"	"M"	0	100	1880	1904	96	1909	"Hough, Emerson"	"54-40 or Fight"
"Harold"	"M"	0.4	99.6	1880	1904	97	1909	"MacGrath, Harold"	"The Goose Girl"
"Hopkinson"	"M"	0	0	1880	1904	98	1909	"Smith, F. Hopkinson"	"Peter"
"William"	"M"	0.5	99.5	1880	1904	99	1909	"Locke, William J."	"Septimus"
"Florence"	"F"	99.4	0.6	1880	1905	100	1910	"Barclay, Florence"	"The Rosary"
"Winston"	"M"	0	100	1880	1905	101	1910	"Churchill, Winston"	"A Modern Chronicle"
"Basil"	"M"	0	100	1880	1905	102	1910	"King, Basil"	"The Wild Olive"
"Katherine Cecil"	"F"	99.8	0.2	1880	1905	103	1910	"Thurston, Katherine Cecil"	"Max"
"Hallie Erminie"	"F"	91.7	8.3	1880	1905	104	1910	"Rives, Hallie Erminie"	"The Kingdom of Slender Swords"
"William"	"M"	0.5	99.5	1880	1905	105	1910	"Locke, William J."	"Simon the Jester"
"And"	"F"	0	0	1880	1905	106	1910	"Williamson, C. N. and A. M."	"Lord Loveland Discovers America"
"Mary Roberts"	"F"	99.6	0.4	1880	1905	107	1910	"Rinehart, Mary Roberts"	"The Window at the White Cat"
"Eleanor"	"F"	100	0	1880	1905	108	1910	"Abbott, Eleanor"	"Molly Make-Believe"
"Mary Roberts"	"F"	99.6	0.4	1880	1905	109	1910	"Rinehart, Mary Roberts"	"When a Man Marries"
"Jeffrey"	"M"	0	0	1880	1906	110	1911	"Farnol, Jeffrey"	"The Broad Highway"
"Vaughan"	"M"	0	0	1880	1906	111	1911	"Kester, Vaughan"	"The Prodigal Judge"
"Harold Bell"	"M"	0.4	99.6	1880	1906	112	1911	"Wright, Harold Bell"	"The Winning of Barbara Worth"
"Henry Sydnor"	"M"	0.8	99.2	1880	1906	113	1911	"Harrison, Henry Sydnor"	"Queed"
"Gene Stratton"	"M"	35	65	1880	1906	114	1911	"Porter, Gene Stratton"	"The Harvester"
"Margaret"	"F"	99.6	0.4	1880	1906	115	1911	"Deland, Margaret"	"The Iron Woman"
"Mary"	"F"	99.6	0.4	1880	1906	116	1911	"Johnston, Mary"	"The Long Roll"
"Eleanor"	"F"	99.9	0.1	1880	1906	117	1911	"Abbott, Eleanor"	"Molly Make-Believe"
"Florence"	"F"	99.5	0.5	1880	1906	118	1911	"Barclay, Florence"	"The Rosary"
"Robert"	"M"	0.6	99.4	1880	1906	119	1911	"Chambers, Robert W."	"The Common Law"
"Gene Stratton"	"M"	34.3	65.7	1880	1907	120	1912	"Porter, Gene Stratton"	"The Harvester"
"Basil"	"M"	0	100	1880	1907	121	1912	"King, Basil"	"The Street Called Straight"
"Harold Bell"	"M"	0.4	99.6	1880	1907	122	1912	"Wright, Harold Bell"	"Their Yesterdays"
"Maria Thompson"	"F"	100	0	1880	1907	123	1912	"Daviess, Maria Thompson"	"The Melting of Molly"
"Meredith"	"M"	43.9	56.1	1880	1907	124	1912	"Nicholson, Meredith"	"A Hoosier Chronicle"
"Harold Bell"	"M"	0.4	99.6	1880	1907	125	1912	"Wright, Harold Bell"	"The Winning of Barbara Worth"
"Vaughan"	"U"	0	0	1880	1907	126	1912	"Kester, Vaughan"	"The Just and the Unjust"
"Rex"	"M"	0	100	1880	1907	127	1912	"Beach, Rex"	"The Net"
"Anne Douglas"	"F"	99.9	0.1	1880	1907	128	1912	"Sedgwick, Anne Douglas"	"Tante"
"Breckenridge"	"M"	0	0	1880	1907	129	1912	"Ellis, J. Breckenridge"	"Fran"
"Winston"	"M"	0	100	1880	1908	130	1913	"Churchill, Winston"	"The Inside of the Cup"
"Henry Sydnor"	"M"	0.8	99.2	1880	1908	131	1913	"Harrison, Henry Sydnor"	"V. V.'s Eyes"
"Gene Stratton"	"M"	33.2	66.8	1880	1908	132	1913	"Porter, Gene Stratton"	"Laddie"
"Sir Gilbert"	"M"	0.4	99.6	1880	1908	133	1913	"Parker, Sir Gilbert"	"The Judgment House"
"John Jr"	"M"	0.6	99.4	1880	1908	134	1913	"Fox, John Jr."	"Heart of the Hills"
"Jeffrey"	"M"	0	0	1880	1908	135	1913	"Farnol, Jeffrey"	"The Amateur Gentleman"
"Hall"	"M"	0	100	1880	1908	136	1913	"Caine, Hall"	"The Woman Thou Gavest Me"
"Eleanor"	"F"	99.8	0.2	1880	1908	137	1913	"Porter, Eleanor H."	"Pollyanna"
"Hallie Erminie"	"F"	91.9	8.1	1880	1908	138	1913	"Rives, Hallie Erminie"	"The Valiants of Virginia"
"Frances Hodgson"	"F"	99.1	0.9	1880	1908	139	1913	"Burnett, Frances Hodgson"	"T. Tembarom"
"Harold Bell"	"M"	0.4	99.6	1880	1909	140	1914	"Wright, Harold Bell"	"The Eyes of the World"
"Eleanor"	"F"	99.9	0.1	1880	1909	141	1914	"Porter, Eleanor H."	"Pollyanna"
"Winston"	"M"	0	100	1880	1909	142	1914	"Churchill, Winston"	"The Inside of the Cup"
"Owen"	"M"	0	100	1880	1909	143	1914	"Johnson, Owen"	"The Salamander"
"William"	"M"	0.5	99.5	1880	1909	144	1914	"Locke, William J."	"The Fortunate Youth"
"Frances Hodgson"	"F"	99.1	0.9	1880	1909	145	1914	"Burnett, Frances Hodgson"	"T. Tembarom"
"Booth"	"M"	0	0	1880	1909	146	1914	"Tarkington, Booth"	"Penrod"
"Leona"	"F"	99.7	0.3	1880	1909	147	1914	"Dalrymple, Leona"	"Diane of the Green Van"
	"U"	0	0	1880	1909	148	1914	"Maxwell, W. B."	"The Devil's Garden"
"George Barr"	"M"	0.7	99.3	1880	1909	149	1914	"McCutcheon, George Barr"	"The Prince of Graustark"
"Booth"	"M"	0	0	1880	1910	150	1915	"Tarkington, Booth"	"The Turmoil"
"Winston"	"M"	0	100	1880	1910	151	1915	"Churchill, Winston"	"A Far Country"
"Gene Stratton"	"M"	32.5	67.5	1880	1910	152	1915	"Porter, Gene Stratton"	"Michael O'Halloran"
"Eleanor"	"F"	99.8	0.2	1880	1910	153	1915	"Porter, Eleanor H."	"Pollyanna Grows Up"
"Mary Roberts"	"F"	99.6	0.4	1880	1910	154	1915	"Rinehart, Mary Roberts"	"K"
"William"	"M"	0.5	99.5	1880	1910	155	1915	"Locke, William J."	"Jaffery"
"Hopkinson"	"M"	0	0	1880	1910	156	1915	"Smith, F. Hopkinson"	"Felix O'Day"
"Ernest"	"M"	0.6	99.4	1880	1910	157	1915	"Poole, Ernest"	"The Harbor"
"Zane"	"M"	0	0	1880	1910	158	1915	"Grey, Zane"	"The Lone Star Ranger"
"Henry Sydnor"	"M"	0.8	99.2	1880	1910	159	1915	"Harrison, Henry Sydnor"	"Angela's Business"
"Booth"	"M"	0	0	1880	1911	160	1916	"Tarkington, Booth"	"Seventeen"
"Harold Bell"	"M"	0.5	99.5	1880	1911	161	1916	"Wright, Harold Bell"	"When a Man's a Man"
"Eleanor"	"F"	99.8	0.2	1880	1911	162	1916	"Porter, Eleanor H."	"Just David"
	"M"	0	0	1880	1911	163	1916	"Wells, H. G."	"Mr. Britling Sees It Through"
"Ellen"	"F"	99.7	0.3	1880	1911	164	1916	"Glasgow, Ellen"	"Life and Gabriella"
"Henry Kitchell"	"M"	0.8	99.2	1880	1911	165	1916	"Webster, Henry Kitchell"	"The Real Adventure"
"Ethel"	"F"	99.5	0.5	1880	1911	166	1916	"Dell, Ethel M."	"Bars of Iron"
"Frank"	"M"	0.6	99.4	1880	1911	167	1916	"Spearman, Frank H."	"Nan of Music Mountain"
"Jean"	"F"	94.5	5.5	1880	1911	168	1916	"Webster, Jean"	"Dear Enemy"
"Kathleen"	"F"	100	0	1880	1911	169	1916	"Norris, Kathleen"	"The Heart of Rachael"
	"M"	0	0	1880	1912	170	1917	"Wells, H. G."	"Mr. Britling Sees It Through"
"Irving"	"M"	0	100	1880	1912	171	1917	"Bacheller, Irving"	"The Light in the Clearing"
"William"	"M"	0.5	99.5	1880	1912	172	1917	"Locke, William J."	"The Red Planet"
"Eleanor"	"F"	99.8	0.2	1880	1912	173	1917	"Porter, Eleanor H."	"The Road to Understanding"
"Zane"	"M"	0	0	1880	1912	174	1917	"Grey, Zane"	"Wildfire"
"Alice"	"F"	99.6	0.4	1880	1912	175	1917	"Cholmondeley, Alice"	"Christine"
"Robert"	"M"	0.6	99.4	1880	1912	176	1917	"Hichens, Robert S."	"In the Wilderness"
"Ernest"	"M"	0.6	99.4	1880	1912	177	1917	"Poole, Ernest"	"His Family"
"Jeffrey"	"M"	0	100	1880	1912	178	1917	"Farnol, Jeffrey"	"The Definite Object"
"Ethel"	"F"	99.5	0.5	1880	1912	179	1917	"Dell, Ethel M."	"The Hundredth Chance"
"Zane"	"M"	0	0	1880	1913	180	1918	"Grey, Zane"	"The U. P. Trail"
"May"	"F"	99.1	0.9	1880	1913	181	1918	"Sinclair, May"	"The Tree of Heaven"
"Mary Roberts"	"F"	99.6	0.4	1880	1913	182	1918	"Rinehart, Mary Roberts"	"The Amazing Interlude"
"Edward"	"M"	0.4	99.6	1880	1913	183	1918	"Streeter, Edward"	"Dere Mable"
"Eleanor"	"F"	99.8	0.2	1880	1913	184	1918	"Porter, Eleanor H."	"Oh, Money! Money!"
"Ethel"	"F"	99.5	0.5	1880	1913	185	1918	"Dell, Ethel M."	"Greatheart"
"Ralph"	"M"	0.5	99.5	1880	1913	186	1918	"Connor, Ralph"	"The Major"
"Phillips"	"M"	0	100	1880	1913	187	1918	"Oppenheim, E. Phillips"	"The Pawns Count"
"Gene Stratton"	"M"	29.9	70.1	1880	1913	188	1918	"Porter, Gene Stratton"	"A Daughter of the Land"
"Stephen"	"M"	0.2	99.8	1880	1913	189	1918	"McKenna, Stephen"	"Sonia"
"Blasco"	"M"	0	0	1880	1914	190	1919	"Ibanez, V. Blasco"	"The Four Horsemen of the Apocalypse"
"Joseph"	"M"	0.5	99.5	1880	1914	191	1919	"Conrad, Joseph"	"The Arrow of Gold"
"Zane"	"M"	0	0	1880	1914	192	1919	"Grey, Zane"	"The Desert of Wheat"
"Mary Roberts"	"F"	99.6	0.4	1880	1914	193	1919	"Rinehart, Mary Roberts"	"Dangerous Days"
"Ralph"	"M"	0.5	99.5	1880	1914	194	1919	"Connor, Ralph"	"The Sky Pilot in No Man's Land"
"Harold Bell"	"M"	0.4	99.6	1880	1914	195	1919	"Wright, Harold Bell"	"The Re-Creation of Brian Kent"
"Gene Stratton"	"M"	28.8	71.2	1880	1914	196	1919	"Porter, Gene Stratton"	"Dawn"
"Temple"	"F"	59.8	40.2	1880	1914	197	1919	"Bailey, Temple"	"The Tin Soldier"
"Elizabeth"	"F"	99.7	0.3	1880	1914	198	1919	"Elizabeth"	"Christopher and Columbus"
"Robert"	"M"	0.5	99.5	1880	1914	199	1919	"Chambers, Robert W."	"In Secret"
"Zane"	"M"	0	100	1880	1915	200	1920	"Grey, Zane"	"The Man of the Forest"
"Peter"	"M"	0.3	99.7	1880	1915	201	1920	"Kyne, Peter B."	"Kindred of the Dust"
"Harold Bell"	"M"	0.4	99.6	1880	1915	202	1920	"Wright, Harold Bell"	"The Re-Creation of Brian Kent"
"James Oliver"	"M"	0.5	99.5	1880	1915	203	1920	"Curwood, James Oliver"	"The River's End"
"Irving"	"M"	0.1	99.9	1880	1915	204	1920	"Bacheller, Irving"	"A Man for the Ages"
"Eleanor"	"F"	99.8	0.2	1880	1915	205	1920	"Porter, Eleanor H."	"Mary-Marie"
"Joseph"	"M"	0.4	99.6	1880	1915	206	1920	"Lincoln, Joseph C."	"The Portygee"
"Phillips"	"M"	0	100	1880	1915	207	1920	"Oppenheim, E. Phillips"	"The Great Impersonation"
"Ethel"	"F"	99.5	0.5	1880	1915	208	1920	"Dell, Ethel M."	"The Lamp in the Desert"
"Kathleen"	"F"	99.9	0.1	1880	1915	209	1920	"Norris, Kathleen"	"Harriet and the Piper"
"Sinclair"	"M"	0	100	1880	1916	210	1921	"Lewis, Sinclair"	"Main Street"
"Dorothy"	"F"	99.7	0.3	1880	1916	211	1921	"Canfield, Dorothy"	"The Brimming Cup"
"Zane"	"M"	0	100	1880	1916	212	1921	"Grey, Zane"	"The Mysterious Rider"
"Edith"	"F"	99.7	0.3	1880	1916	213	1921	"Wharton, Edith"	"The Age of Innocence"
"James Oliver"	"M"	0.5	99.5	1880	1916	214	1921	"Curwood, James Oliver"	"The Valley of Silent Men"
"Edith"	"F"	99.7	0.3	1880	1916	215	1921	"Hull, Edith M."	"The Sheik"
"Mary Roberts"	"F"	99.6	0.4	1880	1916	216	1921	"Rinehart, Mary Roberts"	"A Poor Wise Man"
"Gene Stratton"	"M"	26.1	73.9	1880	1916	217	1921	"Porter, Gene Stratton"	"Her Father's Daughter"
"Gertrude"	"F"	99.7	0.3	1880	1916	218	1921	"Atherton, Gertrude"	"The Sisters-in-Law"
"Coningsby"	"M"	0	0	1880	1916	219	1921	"Dawson, Coningsby"	"The Kingdom Round the Corner"
"A.s.m"	"M"	0	0	1880	1917	220	1922	"Hutchinson, A.S.M."	"If Winter Comes"
"Edith"	"F"	99.7	0.3	1880	1917	221	1922	"Hull, Edith M."	"The Sheik"
"Booth"	"M"	0	0	1880	1917	222	1922	"Tarkington, Booth"	"Gentle Julia"
"Frances Hodgson"	"F"	99.2	0.8	1880	1917	223	1922	"Burnett, Frances Hodgson"	"The Head of the House of Coombe"
"Robert"	"M"	0.5	99.5	1880	1917	224	1922	"Keable, Robert"	"Simon Called Peter"
"Mary Roberts"	"F"	99.6	0.4	1880	1917	225	1922	"Rinehart, Mary Roberts"	"The Breaking Point"
"A.s.m"	"M"	0	0	1880	1917	226	1922	"Hutchinson, A.S.M."	"This Freedom"
"Louis"	"M"	0.9	99.1	1880	1917	227	1922	"Hemon, Louis"	"Maria Chapdelaine"
"Zane"	"M"	0	100	1880	1917	228	1922	"Grey, Zane"	"To the Last Man"
"Sinclair"	"M"	0	100	1880	1917	229	1922	"Lewis, Sinclair"	"Babbitt"
"Harold Bell"	"M"	0.4	99.6	1880	1917	230	1922	"Wright, Harold Bell"	"Helen of the Old House"
"Gertrude"	"F"	99.7	0.3	1880	1918	231	1923	"Atherton, Gertrude"	"Black Oxen"
"Arthur"	"M"	0.5	99.5	1880	1918	232	1923	"Train, Arthur"	"His Children's Children"
"Elizabeth"	"F"	99.7	0.3	1880	1918	233	1923	"Elizabeth"	"The Enchanted April"
"Sinclair"	"M"	0	100	1880	1918	234	1923	"Lewis, Sinclair"	"Babbitt"
"Temple"	"F"	49.2	50.8	1880	1918	235	1923	"Bailey, Temple"	"The Dim Lantern"
"A.s.m"	"M"	0	0	1880	1918	236	1923	"Hutchinson, A.S.M."	"This Freedom"
"Harold Bell"	"M"	0.4	99.6	1880	1918	237	1923	"Wright, Harold Bell"	"The Mine with the Iron Door"
"Zane"	"M"	0	100	1880	1918	238	1923	"Grey, Zane"	"The Wanderer of the Wasteland"
"Rafael"	"M"	0	100	1880	1918	239	1923	"Sabatini, Rafael"	"The Sea-Hawk"
"Mary Roberts"	"F"	99.7	0.3	1880	1918	240	1923	"Rinehart, Mary Roberts"	"The Breaking Point"
"Edna"	"F"	99.7	0.3	1880	1919	241	1924	"Ferber, Edna"	"So Big"
"Percy"	"M"	2.2	97.8	1880	1919	242	1924	"Marks, Percy"	"The Plastic Age"
"Anne Douglas"	"F"	99.8	0.2	1880	1919	243	1924	"Sedgwick, Anne Douglas"	"The Little French Girl"
"Philip"	"M"	0.3	99.7	1880	1919	244	1924	"Gibbs, Philip"	"The Heirs Apparent"
"James Oliver"	"M"	0.5	99.5	1880	1919	245	1924	"Curwood, James Oliver"	"A Gentleman of Courage"
"Zane"	"M"	11.3	88.7	1880	1919	246	1924	"Grey, Zane"	"The Call of the Canyon"
"Booth"	"M"	0	100	1880	1919	247	1924	"Tarkington, Booth"	"The Midlander"
"Coningsby"	"M"	0	0	1880	1919	248	1924	"Dawson, Coningsby"	"The Coast of Folly"
"Rafael"	"M"	0	100	1880	1919	249	1924	"Sabatini, Rafael"	"Mistress Wilding"
"Dorothy Canfield"	"F"	99.7	0.3	1880	1919	250	1924	"Fisher, Dorothy Canfield"	"The Homemaker"
"Hamilton"	"M"	0	100	1880	1920	251	1925	"Gibbs, A. Hamilton"	"Soundings"
"Margaret"	"F"	99.7	0.3	1880	1920	252	1925	"Kennedy, Margaret"	"The Constant Nymph"
"Gene Stratton"	"M"	23.4	76.6	1880	1920	253	1925	"Porter, Gene Stratton"	"The Keeper of the Bees"
	"F"	0	0	1880	1920	254	1925	"Barrington, E."	"Glorious Apollo"
"Michael"	"M"	0.4	99.6	1880	1920	255	1925	"Arlen, Michael"	"The Green Hat"
"Anne Douglas"	"F"	99.8	0.2	1880	1920	256	1925	"Sedgwick, Anne Douglas"	"The Little French Girl"
"Sinclair"	"M"	0	100	1880	1920	257	1925	"Lewis, Sinclair"	"Arrowsmith"
"Anne"	"F"	99.8	0.2	1880	1920	258	1925	"Parrish, Anne"	"The Perennial Bachelor"
"Rafael"	"M"	0	100	1880	1920	259	1925	"Sabatini, Rafael"	"The Carolinian"
"A.s.m"	"M"	0	0	1880	1920	260	1925	"Hutchinson, A.S.M."	"One Increasing Purpose"
"John"	"M"	0.5	99.5	1880	1921	261	1926	"Erskine, John"	"The Private Life of Helen of Troy"
"Anita"	"F"	99.8	0.2	1880	1921	262	1926	"Loos, Anita"	"Gentlemen Prefer Blondes"
"Warwick"	"M"	0	100	1880	1921	263	1926	"Deeping, Warwick"	"Sorrell and Son"
"Sylvia"	"F"	99.7	0.3	1880	1921	264	1926	"Thompson, Sylvia"	"The Hounds of Spring"
	"M"	0	0	1880	1921	265	1926	"Wren, P. C."	"Beau Sabreur"
"John"	"M"	0.5	99.5	1880	1921	266	1926	"Galsworthy, John"	"The Silver Spoon"
	"M"	0	0	1880	1921	267	1926	"Wren, P. C."	"Beau Geste"
"Edna"	"F"	99.7	0.3	1880	1921	268	1926	"Ferber, Edna"	"Show Boat"
"Susan"	"F"	99.9	0.1	1880	1921	269	1926	"Ertz, Susan"	"After Noon"
"Temple"	"F"	44.9	55.1	1880	1921	270	1926	"Bailey, Temple"	"The Blue Window"
"Sinclair"	"M"	0	100	1880	1922	271	1927	"Lewis, Sinclair"	"Elmer Gantry"
"Booth"	"M"	0	100	1880	1922	272	1927	"Tarkington, Booth"	"The Plutocrat"
"Warwick"	"M"	0	100	1880	1922	273	1927	"Deeping, Warwick"	"Doomsday"
"Warwick"	"M"	0	100	1880	1922	274	1927	"Deeping, Warwick"	"Sorrell and Son"
"La Roche Mazo"	"F"	100	0	1880	1922	275	1927	"de la Roche, Mazo"	"Jalna"
"Mary Roberts"	"F"	99.7	0.3	1880	1922	276	1927	"Rinehart, Mary Roberts"	"Lost Ecstasy"
"Edith"	"F"	99.7	0.3	1880	1922	277	1927	"Wharton, Edith"	"Twilight Sleep"
"Anne"	"F"	99.8	0.2	1880	1922	278	1927	"Parrish, Anne"	"Tomorrow Morning"
"Anne Douglas"	"F"	99.8	0.2	1880	1922	279	1927	"Sedgwick, Anne Douglas"	"The Old Countess"
"Louis"	"M"	0.8	99.2	1880	1922	280	1927	"Bromfield, Louis"	"A Good Woman"
"Thornton"	"M"	0	100	1880	1923	281	1928	"Wilder, Thornton"	"The Bridge of San Luis Rey"
"Hugh"	"M"	0.7	99.3	1880	1923	282	1928	"Walpole, Hugh"	"Wintersmoon"
"John"	"M"	0.5	99.5	1880	1923	283	1928	"Galsworthy, John"	"Swan Song"
"Dine"	"M"	0	0	1880	1923	284	1928	"Van Dine, S. S."	"The Greene Murder Case"
"Vina"	"F"	100	0	1880	1923	285	1928	"Delmar, Vina"	"Bad Girl"
"Booth"	"M"	0	100	1880	1923	286	1928	"Tarkington, Booth"	"Claire Ambler"
"Warwick"	"M"	0	100	1880	1923	287	1928	"Deeping, Warwick"	"Old Pybus"
"Anne"	"F"	99.8	0.2	1880	1923	288	1928	"Parrish, Anne"	"All Kneeling"
"La Roche Mazo"	"F"	100	0	1880	1923	289	1928	"de la Roche, Mazo"	"Jalna"
"Louis"	"M"	0.8	99.2	1880	1923	290	1928	"Bromfield, Louis"	"The Strange Case of Miss Annie Spragg"
"Erich Maria"	"M"	0	100	1880	1924	291	1929	"Remarque, Erich Maria"	"All Quiet on the Western Front"
"Sinclair"	"M"	0	100	1880	1924	292	1929	"Lewis, Sinclair"	"Dodsworth"
"Anne Douglas"	"F"	99.8	0.2	1880	1924	293	1929	"Sedgwick, Anne Douglas"	"Dark Hester"
"Dine"	"M"	0	0	1880	1924	294	1929	"Van Dine, S. S."	"The Bishop Murder Case"
"Warwick"	"M"	0	100	1880	1924	295	1929	"Deeping, Warwick"	"Roper's Row"
	"M"	0	0	1880	1924	296	1929	"Rolvaag, O. E."	"Peder Victorious"
"Dubose"	"M"	0	0	1880	1924	297	1929	"Heyward, DuBose"	"Mamba's Daughters"
"Susan"	"F"	99.9	0.1	1880	1924	298	1929	"Ertz, Susan"	"The Galaxy"
"Julia"	"F"	99.6	0.4	1880	1924	299	1929	"Peterkin, Julia"	"Scarlet Sister Mary"
	"M"	0	0	1880	1924	300	1929	"Freeman, H. W."	"Joseph and His Brethren"
"Edna"	"F"	99.7	0.3	1880	1925	301	1930	"Ferber, Edna"	"Cimarron"
"Warwick"	"M"	0	100	1880	1925	302	1930	"Deeping, Warwick"	"Exile"
"Thornton"	"M"	0	100	1880	1925	303	1930	"Wilder, Thornton"	"The Woman of Andros"
"Margaret Ayer"	"F"	99.7	0.3	1880	1925	304	1930	"Barnes, Margaret Ayer"	"Years of Grace"
	"M"	0	0	1880	1925	305	1930	"Priestley, J. B."	"Angel Pavement"
"Mary Roberts"	"F"	99.7	0.3	1880	1925	306	1930	"Rinehart, Mary Roberts"	"The Door"
"Hugh"	"M"	0.7	99.3	1880	1925	307	1930	"Walpole, Hugh"	"Rogue Herries"
"Hamilton"	"M"	0	100	1880	1925	308	1930	"Gibbs, A. Hamilton"	"Chances"
"Katharine"	"F"	100	0	1880	1925	309	1930	"Brush, Katharine"	"Young Man of Manhattan"
"Louis"	"M"	0.8	99.2	1880	1925	310	1930	"Bromfield, Louis"	"Twenty-Four Hours"
"Pearl"	"F"	97.7	2.3	1880	1926	311	1931	"Buck, Pearl S."	"The Good Earth"
"Willa"	"F"	100	0	1880	1926	312	1931	"Cather, Willa"	"Shadows on the Rock"
"Bess Streeter"	"F"	99.8	0.2	1880	1926	313	1931	"Aldrich, Bess Streeter"	"A White Bird Flying"
"Vicki"	"F"	100	0	1880	1926	314	1931	"Baum, Vicki"	"Grand Hotel"
"Margaret Ayer"	"F"	99.7	0.3	1880	1926	315	1931	"Barnes, Margaret Ayer"	"Years of Grace"
"Erich Maria"	"M"	0	100	1880	1926	316	1931	"Remarque, Erich Maria"	"The Road Back"
"Warwick"	"M"	0	100	1880	1926	317	1931	"Deeping, Warwick"	"The Bridge of Desire"
"Fannie"	"F"	99.5	0.5	1880	1926	318	1931	"Hurst, Fannie"	"Back Street"
"La Roche Mazo"	"F"	85.3	14.7	1880	1926	319	1931	"de la Roche, Mazo"	"Finch's Fortune"
"John"	"M"	0.5	99.5	1880	1926	320	1931	"Galsworthy, John"	"Maid in Waiting"
"Pearl"	"F"	97.6	2.4	1880	1927	321	1932	"Buck, Pearl S."	"The Good Earth"
"Charles"	"M"	0.6	99.4	1880	1927	322	1932	"Morgan, Charles"	"The Fountain"
"Pearl"	"F"	97.6	2.4	1880	1927	323	1932	"Buck, Pearl S."	"Sons"
"Louis"	"M"	0.9	99.1	1880	1927	324	1932	"Golding, Louis"	"Magnolia Street"
"Ellen"	"F"	99.7	0.3	1880	1927	325	1932	"Glasgow, Ellen"	"The Sheltered Life"
"Warwick"	"M"	0	100	1880	1927	326	1932	"Deeping, Warwick"	"Old Wine and New"
"Booth"	"M"	0	100	1880	1927	327	1932	"Tarkington, Booth"	"Mary's Neck"
"Lloyd"	"M"	0.7	99.3	1880	1927	328	1932	"Douglas, Lloyd C."	"Magnificent Obsession"
"Phyllis"	"F"	99.8	0.2	1880	1927	329	1932	"Bentley, Phyllis"	"Inheritance"
	"M"	0	0	1880	1927	330	1932	"Cronin, A. J."	"Three Loves"
"Hervey"	"M"	0	100	1880	1928	331	1933	"Allen, Hervey"	"Anthony Adverse"
"Gladys Hasty"	"F"	99.6	0.4	1880	1928	332	1933	"Carroll, Gladys Hasty"	"As the Earth Turns"
"Sinclair"	"M"	0	100	1880	1928	333	1933	"Lewis, Sinclair"	"Ann Vickers"
"Lloyd"	"M"	0.7	99.3	1880	1928	334	1933	"Douglas, Lloyd C."	"Magnificent Obsession"
"John"	"M"	0.6	99.4	1880	1928	335	1933	"Galsworthy, John"	"One More River"
"Lloyd"	"M"	0.7	99.3	1880	1928	336	1933	"Douglas, Lloyd C."	"Forgive Us Our Trespasses"
"La Roche Mazo"	"F"	87.5	12.5	1880	1928	337	1933	"de la Roche, Mazo"	"The Master of Jalna"
"Bess Streeter"	"F"	99.8	0.2	1880	1928	338	1933	"Aldrich, Bess Streeter"	"Miss Bishop"
"Louis"	"M"	0.9	99.1	1880	1928	339	1933	"Bromfield, Louis"	"The Farm"
"Hans"	"M"	0	100	1880	1928	340	1933	"Fallada, Hans"	"Little Man, What Now?"
"Hervey"	"M"	0	100	1880	1929	341	1934	"Allen, Hervey"	"Anthony Adverse"
"Caroline"	"F"	99.9	0.1	1880	1929	342	1934	"Miller, Caroline"	"Lamb in His Bosom"
"Stark"	"M"	0	0	1880	1929	343	1934	"Young, Stark"	"So Red the Rose"
"James"	"M"	0.6	99.4	1880	1929	344	1934	"Hilton, James"	"Good-Bye, Mr. Chips"
"Margaret Ayer"	"F"	99.7	0.3	1880	1929	345	1934	"Barnes, Margaret Ayer"	"Within This Present"
"Sinclair"	"M"	0	100	1880	1929	346	1934	"Lewis, Sinclair"	"Work of Art"
"Phyllis"	"F"	99.8	0.2	1880	1929	347	1934	"Bottome, Phyllis"	"Private Worlds"
"Mary Ellen"	"F"	99.7	0.3	1880	1929	348	1934	"Chase, Mary Ellen"	"Mary Peters"
"Alice Tisdale"	"F"	99.7	0.3	1880	1929	349	1934	"Hobart, Alice Tisdale"	"Oil for the Lamps of China"
"Isak"	"F"	0	0	1880	1929	350	1934	"Dinesen, Isak"	"Seven Gothic Tales"
"Lloyd"	"M"	0.8	99.2	1880	1930	351	1935	"Douglas, Lloyd C."	"Green Light"
"Ellen"	"F"	99.7	0.3	1880	1930	352	1935	"Glasgow, Ellen"	"Vein of Iron"
"Thomas"	"M"	0.6	99.4	1880	1930	353	1935	"Wolfe, Thomas"	"Of Time and the River"
"Rachel"	"F"	99.6	0.4	1880	1930	354	1935	"Field, Rachel"	"Time Out of Mind"
"James"	"M"	0.6	99.4	1880	1930	355	1935	"Hilton, James"	"Good-Bye, Mr. Chips"
"Franz"	"M"	0	100	1880	1930	356	1935	"Werfel, Franz"	"The Forty Days of Musa Dagh"
"Thornton"	"M"	0	100	1880	1930	357	1935	"Wilder, Thornton"	"Heaven's My Destination"
"James"	"M"	0.6	99.4	1880	1930	358	1935	"Hilton, James"	"Lost Horizon"
"Edna"	"F"	99.6	0.4	1880	1930	359	1935	"Ferber, Edna"	"Come and Get It"
"Robert"	"M"	0.5	99.5	1880	1930	360	1935	"Briffault, Robert"	"Europa"
"Margaret"	"F"	99.7	0.3	1880	1931	361	1936	"Mitchell, Margaret"	"Gone with the Wind"
"George"	"M"	0.7	99.3	1880	1931	362	1936	"Santayana, George"	"The Last Puritan"
"Charles"	"M"	0.6	99.4	1880	1931	363	1936	"Morgan, Charles"	"Sparkenbroke"
"Walter"	"M"	0.6	99.4	1880	1931	364	1936	"Edmonds, Walter D."	"Drums Along the Mohawk"
"Sinclair"	"M"	0	100	1880	1931	365	1936	"Lewis, Sinclair"	"It Can't Happen Here"
"Lloyd"	"M"	0.8	99.2	1880	1931	366	1936	"Douglas, Lloyd C."	"White Banners"
"Charles And James Norman Hall"	"M"	0.6	99.4	1880	1931	367	1936	"Nordhoff, Charles, and James Norman Hall"	"The Hurricane"
"Rebecca"	"F"	99.6	0.4	1880	1931	368	1936	"West, Rebecca"	"The Thinking Reed"
"Mary Roberts"	"F"	99.6	0.4	1880	1931	369	1936	"Rinehart, Mary Roberts"	"The Doctor"
"Aldous"	"M"	0	0	1880	1931	370	1936	"Huxley, Aldous"	"Eyeless in Gaza"
"Margaret"	"F"	99.7	0.3	1880	1932	371	1937	"Mitchell, Margaret"	"Gone with the Wind"
"Kenneth"	"M"	0.6	99.4	1880	1932	372	1937	"Roberts, Kenneth"	"Northwest Passage"
	"M"	0	0	1880	1932	373	1937	"Cronin, A. J."	"The Citadel"
"Vaughan"	"M"	0	100	1880	1932	374	1937	"Wilkins, Vaughan"	"And So-Victoria"
"Walter"	"M"	0.6	99.4	1880	1932	375	1937	"Edmonds, Walter D."	"Drums Along the Mohawk"
"Virginia"	"F"	99.7	0.3	1880	1932	376	1937	"Woolf, Virginia"	"The Years"
"Somerset"	"U"	0	0	1880	1932	377	1937	"Maugham, W. Somerset"	"Theatre"
"John"	"M"	0.6	99.4	1880	1932	378	1937	"Steinbeck, John"	"Of Mice and Men"
"Louis"	"M"	0.9	99.1	1880	1932	379	1937	"Bromfield, Louis"	"The Rains Came"
"James"	"M"	0.6	99.4	1880	1932	380	1937	"Hilton, James"	"We Are Not Alone"
"Marjorie Kinnan"	"F"	99.8	0.2	1880	1933	381	1938	"Rawlings, Marjorie Kinnan"	"The Yearling"
	"M"	0	0	1880	1933	382	1938	"Cronin, A. J."	"The Citadel"
"Howard"	"M"	0.6	99.4	1880	1933	383	1938	"Spring, Howard"	"My Son, My Son!"
"Maurier Daphne"	"F"	100	0	1880	1933	384	1938	"du Maurier, Daphne"	"Rebecca"
"Kenneth"	"M"	0.5	99.5	1880	1933	385	1938	"Roberts, Kenneth"	"Northwest Passage"
"Rachel"	"F"	99.6	0.4	1880	1933	386	1938	"Field, Rachel"	"All This, and Heaven Too"
"Louis"	"M"	0.9	99.1	1880	1933	387	1938	"Bromfield, Louis"	"The Rains Came"
"Laura"	"F"	99.6	0.4	1880	1933	388	1938	"Krey, Laura"	"And Tell of Time"
"Phyllis"	"F"	99.7	0.3	1880	1933	389	1938	"Bottome, Phyllis"	"The Mortal Storm"
"Hervey"	"M"	0	100	1880	1933	390	1938	"Allen, Hervey"	"Action at Aquila"
"John"	"M"	0.6	99.4	1880	1934	391	1939	"Steinbeck, John"	"The Grapes of Wrath"
"Rachel"	"F"	99.5	0.5	1880	1934	392	1939	"Field, Rachel"	"All This, and Heaven Too"
"Maurier Daphne"	"F"	100	0	1880	1934	393	1939	"du Maurier, Daphne"	"Rebecca"
"John"	"M"	0.6	99.4	1880	1934	394	1939	"Marquand, John P."	"Wickford Point"
"Ethel"	"F"	99.5	0.5	1880	1934	395	1939	"Vance, Ethel"	"Escape"
"Lloyd"	"M"	0.8	99.2	1880	1934	396	1939	"Douglas, Lloyd C."	"Disputed Passage"
"Marjorie Kinnan"	"F"	99.8	0.2	1880	1934	397	1939	"Rawlings, Marjorie Kinnan"	"The Yearling"
"Elizabeth"	"F"	99.7	0.3	1880	1934	398	1939	"Page, Elizabeth"	"The Tree of Liberty"
"Sholem"	"M"	0	0	1880	1934	399	1939	"Asch, Sholem"	"The Nazarene"
"Christopher"	"M"	0	100	1880	1934	400	1939	"Morley, Christopher"	"Kitty Foyle"
"Richard"	"M"	0.5	99.5	1880	1935	401	1940	"Llewellyn, Richard"	"How Green Was My Valley"
"Christopher"	"M"	0	100	1880	1935	402	1940	"Morley, Christopher"	"Kitty Foyle"
"Jan"	"F"	55	45	1880	1935	403	1940	"Struther, Jan"	"Mrs. Miniver"
"Ernest"	"M"	0.6	99.4	1880	1935	404	1940	"Hemingway, Ernest"	"For Whom the Bell Tolls"
"Sholem"	"M"	0	0	1880	1935	405	1940	"Asch, Sholem"	"The Nazarene"
"Van Wyck"	"M"	4.7	95.3	1880	1935	406	1940	"Mason, F. van Wyck"	"Stars on the Sea"
"Kenneth"	"M"	0.5	99.5	1880	1935	407	1940	"Roberts, Kenneth"	"Oliver Wiswell"
"John"	"M"	0.6	99.4	1880	1935	408	1940	"Steinbeck, John"	"The Grapes of Wrath"
"Louis"	"M"	0.9	99.1	1880	1935	409	1940	"Bromfield, Louis"	"Night in Bombay"
"Nina"	"F"	99.7	0.3	1880	1935	410	1940	"Fedorova, Nina"	"The Family"
	"M"	0	0	1880	1936	411	1941	"Cronin, A. J."	"The Keys of the Kingdom"
"James"	"M"	0.6	99.4	1880	1936	412	1941	"Hilton, James"	"Random Harvest"
"Eric"	"M"	0	100	1880	1936	413	1941	"Knight, Eric"	"This Above All"
"Marguerite"	"F"	99.8	0.2	1880	1936	414	1941	"Steen, Marguerite"	"The Sun Is My Undoing"
"Ernest"	"M"	0.6	99.4	1880	1936	415	1941	"Hemingway, Ernest"	"For Whom the Bell Tolls"
"Kenneth"	"M"	0.5	99.5	1880	1936	416	1941	"Roberts, Kenneth"	"Oliver Wiswell"
"John"	"M"	0.6	99.4	1880	1936	417	1941	"Marquand, John P."	"H. M. Pulham, Esquire"
"Isabel Scott"	"F"	97.3	2.7	1880	1936	418	1941	"Rorick, Isabel Scott"	"Mr. and Mrs. Cugat"
"Edna"	"F"	99.6	0.4	1880	1936	419	1941	"Ferber, Edna"	"Saratoga Trunk"
"Mary Ellen"	"F"	99.6	0.4	1880	1936	420	1941	"Chase, Mary Ellen"	"Windswept"
"Franz"	"M"	0	100	1880	1937	421	1942	"Werfel, Franz"	"The Song of Bernadette"
"John"	"M"	0.6	99.4	1880	1937	422	1942	"Steinbeck, John"	"The Moon Is Down"
"Pearl"	"F"	97.5	2.5	1880	1937	423	1942	"Buck, Pearl S."	"Dragon Seed"
"Rachel"	"F"	99.5	0.5	1880	1937	424	1942	"Field, Rachel"	"And Now Tomorrow"
"Elizabeth"	"F"	99.7	0.3	1880	1937	425	1942	"Pickett, Elizabeth"	"Drivin' Woman"
"Mary Ellen"	"F"	99.6	0.4	1880	1937	426	1942	"Chase, Mary Ellen"	"Windswept"
"Lloyd"	"M"	0.8	99.2	1880	1937	427	1942	"Douglas, Lloyd C."	"The Robe"
"Marguerite"	"F"	99.8	0.2	1880	1937	428	1942	"Steen, Marguerite"	"The Sun Is My Undoing"
"Henry"	"M"	0.8	99.2	1880	1937	429	1942	"Bellamann, Henry"	"Kings Row"
	"M"	0	0	1880	1937	430	1942	"Cronin, A. J."	"The Keys of the Kingdom"
"Lloyd"	"M"	0.8	99.2	1880	1938	431	1943	"Douglas, Lloyd C."	"The Robe"
"Marcia"	"F"	99.7	0.3	1880	1938	432	1943	"Davenport, Marcia"	"The Valley of Decision"
"John"	"M"	0.6	99.4	1880	1938	433	1943	"Marquand, John P."	"So Little Time"
"Betty"	"F"	99.6	0.4	1880	1938	434	1943	"Smith, Betty"	"A Tree Grows in Brooklyn"
"William"	"M"	0.5	99.5	1880	1938	435	1943	"Saroyan, William"	"The Human Comedy"
"Louis"	"M"	0.9	99.1	1880	1938	436	1943	"Bromfield, Louis"	"Mrs. Parkington"
"Sholem"	"M"	0	0	1880	1938	437	1943	"Asch, Sholem"	"The Apostle"
"Maurier Daphne"	"F"	100	0	1880	1938	438	1943	"du Maurier, Daphne"	"Hungry Hill"
"Hervey"	"M"	0	100	1880	1938	439	1943	"Allen, Hervey"	"The Forest and the Fort"
"Franz"	"M"	0	100	1880	1938	440	1943	"Werfel, Franz"	"The Song of Bernadette"
"Lillian"	"F"	99.6	0.4	1880	1939	441	1944	"Smith, Lillian"	"Strange Fruit"
"Lloyd"	"M"	0.8	99.2	1880	1939	442	1944	"Douglas, Lloyd C."	"The Robe"
"Betty"	"F"	99.6	0.4	1880	1939	443	1944	"Smith, Betty"	"A Tree Grows in Brooklyn"
"Kathleen"	"F"	99.7	0.3	1880	1939	444	1944	"Winsor, Kathleen"	"Forever Amber"
"Somerset"	"M"	0	0	1880	1939	445	1944	"Maugham, W. Somerset"	"The Razor's Edge"
	"M"	0	0	1880	1939	446	1944	"Cronin, A. J."	"The Green Years"
"Ben Ames"	"M"	0.9	99.1	1880	1939	447	1944	"Williams, Ben Ames"	"Leave Her to Heaven"
"Elizabeth"	"F"	99.7	0.3	1880	1939	448	1944	"Goudge, Elizabeth"	"Green Dolphin Street"
"John"	"M"	0.6	99.4	1880	1939	449	1944	"Hersey, John"	"A Bell for Adano"
"Sholem"	"M"	0	0	1880	1939	450	1944	"Asch, Sholem"	"The Apostle"
"Kathleen"	"F"	99.7	0.3	1880	1940	451	1945	"Winsor, Kathleen"	"Forever Amber"
"Lloyd"	"M"	0.8	99.2	1880	1940	452	1945	"Douglas, Lloyd C."	"The Robe"
"Thomas"	"M"	0.5	99.5	1880	1940	453	1945	"Costain, Thomas B."	"The Black Rose"
"James Ramsey"	"M"	0.5	99.5	1880	1940	454	1945	"Ullman, James Ramsey"	"The White Tower"
"Sinclair"	"M"	0	100	1880	1940	455	1945	"Lewis, Sinclair"	"Cass Timberlane"
"Adria Locke"	"F"	100	0	1880	1940	456	1945	"Langley, Adria Locke"	"A Lion Is in the Streets"
"James"	"M"	0.5	99.5	1880	1940	457	1945	"Hilton, James"	"So Well Remembered"
"Samuel"	"M"	0.4	99.6	1880	1940	458	1945	"Shellabarger, Samuel"	"Captain from Castile"
"Gwethalyn"	"F"	0	0	1880	1940	459	1945	"Graham, Gwethalyn"	"Earth and High Heaven"
"Irving"	"M"	0.3	99.7	1880	1940	460	1945	"Stone, Irving"	"Immortal Wife"
"Maurier Daphne"	"F"	100	0	1880	1941	461	1946	"du Maurier, Daphne"	"The King's General"
"Taylor"	"M"	0	100	1880	1941	462	1946	"Caldwell, Taylor"	"This Side of Innocence"
"Frances Parkinson"	"F"	99.2	0.8	1880	1941	463	1946	"Keyes, Frances Parkinson"	"The River Road"
"Russell"	"M"	0.6	99.4	1880	1941	464	1946	"Janney, Russell"	"The Miracle of the Bells"
"Frederic"	"M"	0	100	1880	1941	465	1946	"Wakeman, Frederic"	"The Hucksters"
"Frank"	"M"	0.6	99.4	1880	1941	466	1946	"Yerby, Frank"	"The Foxes of Harrow"
"Erich Maria"	"M"	0	100	1880	1941	467	1946	"Remarque, Erich Maria"	"Arch of Triumph"
"Thomas"	"M"	0.5	99.5	1880	1941	468	1946	"Costain, Thomas B."	"The Black Rose"
"John"	"M"	0.5	99.5	1880	1941	469	1946	"Marquand, John P."	"B. F.'s Daughter"
"Mary Jane"	"F"	99.6	0.4	1880	1941	470	1946	"Ward, Mary Jane"	"The Snake Pit"
"Russell"	"M"	0.6	99.4	1880	1942	471	1947	"Janney, Russell"	"The Miracle of the Bells"
"Thomas"	"M"	0.5	99.5	1880	1942	472	1947	"Costain, Thomas B."	"The Moneyman"
"Laura"	"F"	99.6	0.4	1880	1942	473	1947	"Hobson, Laura Z."	"Gentleman's Agreement"
"Kenneth"	"M"	0.5	99.5	1880	1942	474	1947	"Roberts, Kenneth"	"Lydia Bailey"
"Frank"	"M"	0.6	99.4	1880	1942	475	1947	"Yerby, Frank"	"The Vixens"
"John"	"M"	0.5	99.5	1880	1942	476	1947	"Steinbeck, John"	"The Wayward Bus"
"Ben Ames"	"M"	0.9	99.1	1880	1942	477	1947	"Williams, Ben Ames"	"House Divided"
"Sinclair"	"M"	0	100	1880	1942	478	1947	"Lewis, Sinclair"	"Kingsblood Royal"
"Marcia"	"F"	99.6	0.4	1880	1942	479	1947	"Davenport, Marcia"	"East Side, West Side"
"Samuel"	"M"	0.4	99.6	1880	1942	480	1947	"Shellabarger, Samuel"	"Prince of Foxes"
"Lloyd"	"M"	0.8	99.2	1880	1943	481	1948	"Douglas, Lloyd C."	"The Big Fisherman"
"Norman"	"M"	0.7	99.3	1880	1943	482	1948	"Mailer, Norman"	"The Naked and the Dead"
"Frances Parkinson"	"F"	99.2	0.8	1880	1943	483	1948	"Keyes, Frances Parkinson"	"Dinner at Antoine's"
"Agnes Sligh"	"F"	99.6	0.4	1880	1943	484	1948	"Turnbull, Agnes Sligh"	"The Bishop's Mantle"
"Betty"	"F"	99.6	0.4	1880	1943	485	1948	"Smith, Betty"	"Tomorrow Will Be Better"
"Frank"	"M"	0.6	99.4	1880	1943	486	1948	"Yerby, Frank"	"The Golden Hawk"
"Ross Jr"	"M"	1.2	98.8	1880	1943	487	1948	"Lockridge, Ross Jr."	"Raintree County"
	"M"	0	0	1880	1943	488	1948	"Cronin, A. J."	"Shannon's Way"
"Elizabeth"	"F"	99.7	0.3	1880	1943	489	1948	"Goudge, Elizabeth"	"Pilgrim's Inn"
"Shawirwin"	"M"	0	0	1880	1943	490	1948	"Shaw,Irwin"	"The Young Lions"
"Mika"	"M"	0	0	1880	1944	491	1949	"Waltari, Mika"	"The Egyptian"
"Lloyd"	"M"	0.8	99.2	1880	1944	492	1949	"Douglas, Lloyd C."	"The Big Fisherman"
"Sholem"	"M"	0	0	1880	1944	493	1949	"Asch, Sholem"	"Mary"
"John"	"M"	0.5	99.5	1880	1944	494	1949	"O'Hara, John"	"A Rage to Live"
"John"	"M"	0.5	99.5	1880	1944	495	1949	"Marquand, John P."	"Point of No Return"
"Frances Parkinson"	"F"	99.2	0.8	1880	1944	496	1949	"Keyes, Frances Parkinson"	"Dinner at Antoine's"
"Thomas"	"M"	0.5	99.5	1880	1944	497	1949	"Costain, Thomas B."	"High Towers"
"Van Wyck"	"M"	4.6	95.4	1880	1944	498	1949	"Mason, Van Wyck"	"Cutlass Empire"
"Frank"	"M"	0.6	99.4	1880	1944	499	1949	"Yerby, Frank"	"Pride's Castle"
"Edward"	"M"	0.4	99.6	1880	1944	500	1949	"Streeter, Edward"	"Father of the Bride"
"Henry Morton"	"M"	0.8	99.2	1880	1945	501	1950	"Robinson, Henry Morton"	"The Cardinal"
"Frances Parkinson"	"F"	99.2	0.8	1880	1945	502	1950	"Keyes, Frances Parkinson"	"Joy Street"
"Ernest"	"M"	0.6	99.4	1880	1945	503	1950	"Hemingway, Ernest"	"Across the River and into the Trees"
"John"	"M"	0.5	99.5	1880	1945	504	1950	"Hersey, John"	"The Wall"
"Kathleen"	"F"	99.7	0.3	1880	1945	505	1950	"Winsor, Kathleen"	"Star Money"
"Maurier Daphne"	"F"	100	0	1880	1945	506	1950	"du Maurier, Daphne"	"The Parasites"
"Frank"	"M"	0.5	99.5	1880	1945	507	1950	"Yerby, Frank"	"Floodtide"
"Gwen"	"F"	97.7	2.3	1880	1945	508	1950	"Bristow, Gwen"	"Jubilee Trail"
"Mika"	"M"	0	0	1880	1945	509	1950	"Waltari, Mika"	"The Adventurer"
"Budd"	"M"	0	100	1880	1945	510	1950	"Schulberg, Budd"	"The Disenchanted"
"James"	"M"	0.5	99.5	1881	1946	511	1951	"Jones, James"	"From Here to Eternity"
"Herman"	"M"	0.6	99.4	1881	1946	512	1951	"Wouk, Herman"	"The Caine Mutiny"
"Sholem"	"M"	0	0	1881	1946	513	1951	"Asch, Sholem"	"Moses"
"Henry Morton"	"M"	0.8	99.2	1881	1946	514	1951	"Robinson, Henry Morton"	"The Cardinal"
"Frank"	"M"	0.5	99.5	1881	1946	515	1951	"Yerby, Frank"	"A Woman Called Fancy"
"Nicholas"	"M"	0.5	99.5	1881	1946	516	1951	"Monsarrat, Nicholas"	"The Cruel Sea"
"John"	"M"	0.5	99.5	1881	1946	517	1951	"Marquand, John P."	"Melville Goodwin, U.S.A."
"James"	"M"	0.5	99.5	1881	1946	518	1951	"Michener, James A."	"Return to Paradise"
"Cardinal"	"M"	0	0	1881	1946	519	1951	"Spellman, Cardinal"	"The Foundling"
"Mika"	"M"	0	0	1881	1946	520	1951	"Waltari, Mika"	"The Wanderer"
"Thomas"	"M"	0.4	99.6	1882	1947	521	1952	"Costain, Thomas B."	"The Silver Chalice"
"Herman"	"M"	0.6	99.4	1882	1947	522	1952	"Wouk, Herman"	"The Caine Mutiny"
"John"	"M"	0.5	99.5	1882	1947	523	1952	"Steinbeck, John"	"East of Eden"
"Maurier Daphne"	"F"	100	0	1882	1947	524	1952	"du Maurier, Daphne"	"My Cousin Rachel"
"Frances Parkinson"	"F"	99.2	0.8	1882	1947	525	1952	"Keyes, Frances Parkinson"	"Steamboat Gothic"
"Edna"	"F"	99.6	0.4	1882	1947	526	1952	"Ferber, Edna"	"Giant"
"Ernest"	"M"	0.6	99.4	1882	1947	527	1952	"Hemingway, Ernest"	"The Old Man and the Sea"
"Agnes Sligh"	"F"	99.7	0.3	1882	1947	528	1952	"Turnbull, Agnes Sligh"	"The Gown of Glory"
"Frank"	"M"	0.5	99.5	1882	1947	529	1952	"Yerby, Frank"	"The Saracen Blade"
"Howard"	"M"	0.5	99.5	1882	1947	530	1952	"Spring, Howard"	"The Houses in Between"
"Lloyd"	"M"	0.7	99.3	1883	1948	531	1953	"Douglas, Lloyd C."	"The Robe"
"Thomas"	"M"	0.4	99.6	1883	1948	532	1953	"Costain, Thomas B."	"The Silver Chalice"
"Annemarie"	"F"	100	0	1883	1948	533	1953	"Selinko, Annemarie"	"Desiree"
"Leon"	"M"	1	99	1883	1948	534	1953	"Uris, Leon"	"Battle Cry"
"James"	"M"	0.5	99.5	1883	1948	535	1953	"Jones, James"	"From Here to Eternity"
"Ernest"	"M"	0.6	99.4	1883	1948	536	1953	"Gann, Ernest K."	"The High and the Mighty"
	"M"	0	0	1883	1948	537	1953	"Cronin, A. J."	"Beyond This Place"
"James"	"M"	0.5	99.5	1883	1948	538	1953	"Hilton, James"	"Time and Time Again"
"Samuel"	"M"	0.4	99.6	1883	1948	539	1953	"Shellabarger, Samuel"	"Lord Vanity"
"Ben Ames"	"M"	0.8	99.2	1883	1948	540	1953	"Williams, Ben Ames"	"The Unconquered"
"Morton"	"M"	0.1	99.9	1884	1949	541	1954	"Thompson, Morton"	"Not as a Stranger"
"Maurier Daphne"	"F"	100	0	1884	1949	542	1954	"du Maurier, Daphne"	"Mary Anne"
"Irving"	"M"	0.3	99.7	1884	1949	543	1954	"Stone, Irving"	"Love Is Eternal"
"Frances Parkinson"	"F"	99.2	0.8	1884	1949	544	1954	"Keyes, Frances Parkinson"	"The Royal Box"
"Mika"	"M"	0	0	1884	1949	545	1954	"Waltari, Mika"	"The Egyptian"
"Mac"	"M"	0.7	99.3	1884	1949	546	1954	"Hyman, Mac"	"No Time for Sergeants"
"John"	"M"	0.5	99.5	1884	1949	547	1954	"Steinbeck, John"	"Sweet Thursday"
"Hamilton"	"M"	0	100	1884	1949	548	1954	"Basso, Hamilton"	"The View from Pompey's Head"
"Taylor"	"M"	0	100	1884	1949	549	1954	"Caldwell, Taylor"	"Never Victorious, Never Defeated"
"Frank"	"M"	0.5	99.5	1884	1949	550	1954	"Yerby, Frank"	"Benton's Row"
"Herman"	"M"	0.6	99.4	1885	1950	551	1955	"Wouk, Herman"	"Marjorie Morningstar"
"Patrick"	"M"	0.5	99.5	1885	1950	552	1955	"Dennis, Patrick"	"Auntie Mame"
"Mackinlay"	"M"	0	0	1885	1950	553	1955	"Kantor, MacKinlay"	"Andersonville"
"Francoise"	"F"	100	0	1885	1950	554	1955	"Sagan, Francoise"	"Bonjour Tristesse"
"Sloan"	"M"	0	100	1885	1950	555	1955	"Wilson, Sloan"	"The Man in the Gray Flannel Suit"
"Robert"	"M"	0.4	99.6	1885	1950	556	1955	"Ruark, Robert"	"Something of Value"
"Morton"	"M"	0.1	99.9	1885	1950	557	1955	"Thompson, Morton"	"Not as a Stranger"
"Mac"	"M"	0.7	99.3	1885	1950	558	1955	"Hyman, Mac"	"No Time for Sergeants"
"Thomas"	"M"	0.4	99.6	1885	1950	559	1955	"Costain, Thomas B."	"The Tontine"
"John"	"M"	0.5	99.5	1885	1950	560	1955	"O'Hara, John"	"Ten North Frederick"
"William"	"M"	0.4	99.6	1886	1951	561	1956	"Brinkley, William"	"Don't Go Near the Water"
"Edwin"	"M"	0.5	99.5	1886	1951	562	1956	"O'Connor, Edwin"	"The Last Hurrah"
"Grace"	"F"	99.6	0.4	1886	1951	563	1956	"Metalious, Grace"	"Peyton Place"
"Patrick"	"M"	0.4	99.6	1886	1951	564	1956	"Dennis, Patrick"	"Auntie Mame"
"Kay"	"F"	95	5	1886	1951	565	1956	"Thompson, Kay"	"Eloise"
"Mackinlay"	"M"	0	0	1886	1951	566	1956	"Kantor, MacKinlay"	"Andersonville"
"Francoise"	"F"	100	0	1886	1951	567	1956	"Sagan, Francoise"	"A Certain Smile"
"Nicholas"	"M"	0.4	99.6	1886	1951	568	1956	"Monsarrat, Nicholas"	"The Tribe That Lost Its Head"
"Beauvoir Simone"	"F"	92.6	7.4	1886	1951	569	1956	"de Beauvoir, Simone"	"The Mandarins"
"Kenneth"	"M"	0.4	99.6	1886	1951	570	1956	"Roberts, Kenneth"	"Boon Island"
"James Gould"	"M"	0.5	99.5	1887	1952	571	1957	"Cozzens, James Gould"	"By Love Possessed"
"Grace"	"F"	99.6	0.4	1887	1952	572	1957	"Metalious, Grace"	"Peyton Place"
"Meyer"	"M"	0	100	1887	1952	573	1957	"Levin, Meyer"	"Compulsion"
"Max"	"M"	0.6	99.4	1887	1952	574	1957	"Shulman, Max"	"Rally Round the Flag, Boys!"
"Frances Parkinson"	"F"	99.2	0.8	1887	1952	575	1957	"Keyes, Frances Parkinson"	"Blue Camellia"
"Kay"	"F"	95.2	4.8	1887	1952	576	1957	"Thompson, Kay"	"Eloise in Paris"
"Maurier Daphne"	"F"	100	0	1887	1952	577	1957	"du Maurier, Daphne"	"The Scapegoat"
"Nevil"	"M"	0	100	1887	1952	578	1957	"Shute, Nevil"	"On the Beach"
"Thomas"	"M"	0.4	99.6	1887	1952	579	1957	"Costain, Thomas B."	"Below the Salt"
"Ayn"	"F"	100	0	1887	1952	580	1957	"Rand, Ayn"	"Atlas Shrugged"
"Boris"	"M"	0	100	1888	1953	581	1958	"Pasternak, Boris"	"Doctor Zhivago"
"Robert"	"M"	0.4	99.6	1888	1953	582	1958	"Traver, Robert"	"Anatomy of a Murder"
"Vladimir"	"M"	0	100	1888	1953	583	1958	"Nabokov, Vladimir"	"Lolita"
"Patrick"	"M"	0.4	99.6	1888	1953	584	1958	"Dennis, Patrick"	"Around the World with Auntie Mame"
"John"	"M"	0.4	99.6	1888	1953	585	1958	"O'Hara, John"	"From the Terrace"
"Kay"	"F"	95.3	4.7	1888	1953	586	1958	"Thompson, Kay"	"Eloise at Christmastime"
"Edna"	"F"	99.6	0.4	1888	1953	587	1958	"Ferber, Edna"	"Ice Palace"
"Anya"	"F"	100	0	1888	1953	588	1958	"Seton, Anya"	"The Winthrop Woman"
"Jerome"	"M"	0.6	99.4	1888	1953	589	1958	"Weidman, Jerome"	"The Enemy Camp"
"Frances Parkinson"	"F"	99.2	0.8	1888	1953	590	1958	"Keyes, Frances Parkinson"	"Victorine"
"Leon"	"M"	1	99	1889	1954	591	1959	"Uris, Leon"	"Exodus"
"Boris"	"M"	0	100	1889	1954	592	1959	"Pasternak, Boris"	"Doctor Zhivago"
"James"	"M"	0.4	99.6	1889	1954	593	1959	"Michener, James A."	"Hawaii"
"Allen"	"M"	0.8	99.2	1889	1954	594	1959	"Drury, Allen"	"Advise and Consent"
	"M"	0	0	1889	1954	595	1959	"Lawrence, D. H."	"Lady Chatterley's Lover"
"William And Eugene Burdick"	"M"	0.4	99.6	1889	1954	596	1959	"Lederer, William J. and Eugene L. Burdick"	"The Ugly American"
"Taylor"	"M"	0.4	99.6	1889	1954	597	1959	"Caldwell, Taylor"	"Dear and Glorious Physician"
"Vladimir"	"M"	0	100	1889	1954	598	1959	"Nabokov, Vladimir"	"Lolita"
"Paul"	"M"	0.4	99.6	1889	1954	599	1959	"Gallico, Paul"	"Mrs. 'Arris Goes to Paris"
"Robert"	"M"	0.4	99.6	1889	1954	600	1959	"Ruark, Robert"	"Poor No More"
"Allen"	"M"	0.8	99.2	1890	1955	601	1960	"Drury, Allen"	"Advise and Consent"
"James"	"M"	0.4	99.6	1890	1955	602	1960	"Michener, James A."	"Hawaii"
"Lampedusa Giuseppe"	"M"	0	100	1890	1955	603	1960	"di Lampedusa, Giuseppe"	"The Leopard"
"Irving"	"M"	0.3	99.7	1890	1955	604	1960	"Wallace, Irving"	"The Chapman Report"
"John"	"M"	0.4	99.6	1890	1955	605	1960	"O'Hara, John"	"Ourselves To Know"
"Marcia"	"F"	99.8	0.2	1890	1955	606	1960	"Davenport, Marcia"	"The Constant Image"
"Mary Ellen"	"F"	99.6	0.4	1890	1955	607	1960	"Chase, Mary Ellen"	"The Lovely Ambition"
"Taylor"	"M"	0.4	99.6	1890	1955	608	1960	"Caldwell, Taylor"	"The Listener"
"Nevil"	"M"	0	100	1890	1955	609	1960	"Shute, Nevil"	"Trustee from the Toolroom"
"John"	"M"	0.4	99.6	1890	1955	610	1960	"O'Hara, John"	"Sermons and Soda-Water"
"Irving"	"M"	0.3	99.7	1891	1956	611	1961	"Stone, Irving"	"The Agony and the Ecstasy"
	"M"	0	0	1891	1956	612	1961	"Salinger, J. D."	"Franny and Zooey"
"Harper"	"F"	0	100	1891	1956	613	1961	"Lee, Harper"	"To Kill a Mockingbird"
"Leon"	"M"	1	99	1891	1956	614	1961	"Uris, Leon"	"Mila 18"
"Harold"	"M"	0.5	99.5	1891	1956	615	1961	"Robbins, Harold"	"The Carpetbaggers"
"Henry"	"M"	0.8	99.2	1891	1956	616	1961	"Miller, Henry"	"Tropic of Cancer"
"Alexander Trans"	"M"	0.4	99.6	1891	1956	617	1961	"Lenard, Alexander, trans."	"Winnie Ille Pu"
"Morris"	"M"	0.8	99.2	1891	1956	618	1961	"West, Morris"	"Daughter of Silence"
"Edwin"	"M"	0.5	99.5	1891	1956	619	1961	"O'Connor, Edwin"	"The Edge of Sadness"
"John"	"M"	0.4	99.6	1891	1956	620	1961	"Steinbeck, John"	"The Winter of Our Discontent"
"Katherine Anne"	"F"	99.7	0.3	1892	1957	621	1962	"Porter, Katherine Anne"	"Ship of Fools"
"Anne Morrow"	"F"	99.8	0.2	1892	1957	622	1962	"Lindbergh, Anne Morrow"	"Dearly Beloved"
"Allen"	"M"	0.8	99.2	1892	1957	623	1962	"Drury, Allen"	"A Shade of Difference"
"Herman"	"M"	0.6	99.4	1892	1957	624	1962	"Wouk, Herman"	"Youngblood Hawke"
	"M"	0	0	1892	1957	625	1962	"Salinger, J. D."	"Franny and Zooey"
"Eugene And Harvey Wheeler"	"M"	0.7	99.3	1892	1957	626	1962	"Burdick, Eugene and Harvey Wheeler"	"Fail-Safe"
"Fletcher And Charles Bailey Ii"	"M"	2.4	97.6	1892	1957	627	1962	"Knebel, Fletcher and Charles W. Bailey II"	"Seven Days in May"
"Irving"	"M"	0.3	99.7	1892	1957	628	1962	"Wallace, Irving"	"The Prize"
"Irving"	"M"	0.3	99.7	1892	1957	629	1962	"Stone, Irving"	"The Agony and the Ecstasy"
"William"	"M"	0.4	99.6	1892	1957	630	1962	"Faulkner, William"	"The Reivers"
"Morris"	"M"	0.8	99.2	1893	1958	631	1963	"West, Morris L."	"The Shoes of the Fisherman"
"Mary"	"F"	99.6	0.4	1893	1958	632	1963	"McCarthy, Mary"	"The Group"
	"M"	0	0	1893	1958	633	1963	"Salinger, J. D."	"Raise High the Roof Beam, Carpenters, and Seymour--An Introduction"
"James"	"M"	0.4	99.6	1893	1958	634	1963	"Michener, James A."	"Caravans"
"John"	"M"	0.4	99.6	1893	1958	635	1963	"O'Hara, John"	"Elizabeth Appleton"
"Taylor"	"M"	0.9	99.1	1893	1958	636	1963	"Caldwell, Taylor"	"Grandmother and the Priests"
"John"	"M"	0.4	99.6	1893	1958	637	1963	"Rechy, John"	"City of Night"
"Maurier Daphne"	"F"	100	0	1893	1958	638	1963	"du Maurier, Daphne"	"The Glass-Blowers"
"Richard"	"M"	0.3	99.7	1893	1958	639	1963	"McKenna, Richard"	"The Sand Pebbles"
"Carre John"	"F"	100	0	1894	1959	640	1964	"Le Carre, John"	"The Spy Who Came in from the Cold"
"Terry And Mason Hoffenberg"	"M"	20.7	79.3	1894	1959	641	1964	"Southern, Terry and Mason Hoffenberg"	"Candy"
"Saul"	"M"	0	100	1894	1959	642	1964	"Bellow, Saul"	"Herzog"
"Leon"	"M"	0.9	99.1	1894	1959	643	1964	"Uris, Leon"	"Armageddon"
"Irving"	"M"	0.3	99.7	1894	1959	644	1964	"Wallace, Irving"	"The Man"
"Louis"	"M"	0.7	99.3	1894	1959	645	1964	"Auchincloss, Louis"	"The Rector of Justin"
"Richard"	"M"	0.3	99.7	1894	1959	646	1964	"Kim, Richard E."	"The Martyred"
"Ian"	"M"	0.3	99.7	1894	1959	647	1964	"Fleming, Ian"	"You Only Live Twice"
"Mary"	"F"	99.6	0.4	1894	1959	648	1964	"Stewart, Mary"	"This Rough Magic"
"Fletcher And Charles Bailey Ii"	"M"	2.4	97.6	1894	1959	649	1964	"Knebel, Fletcher and Charles W. Bailey II"	"Convention"
"James"	"M"	0.4	99.6	1895	1960	650	1965	"Michener, James A."	"The Source"
"Bel"	"F"	0	0	1895	1960	651	1965	"Kaufman, Bel"	"Up the Down Staircase"
"Saul"	"M"	0	100	1895	1960	652	1965	"Bellow, Saul"	"Herzog"
"Carre John"	"F"	100	0	1895	1960	653	1965	"Le Carre, John"	"The Looking Glass War"
"Robin"	"F"	82.5	17.5	1895	1960	654	1965	"Moore, Robin"	"The Green Berets"
"Irving"	"M"	0.3	99.7	1895	1960	655	1965	"Stone, Irving"	"Those Who Love"
"Ian"	"M"	0.2	99.8	1895	1960	656	1965	"Fleming, Ian"	"The Man with the Golden Gun"
"Arthur"	"M"	0.6	99.4	1895	1960	657	1965	"Hailey, Arthur"	"Hotel"
"Morris"	"M"	0.8	99.2	1895	1960	658	1965	"West, Morris"	"The Ambassador"
"Herman"	"M"	0.6	99.4	1895	1960	659	1965	"Wouk, Herman"	"Don't Stop the Carnival"
"Jacqueline"	"F"	99.7	0.3	1896	1961	660	1966	"Susann, Jacqueline"	"Valley of the Dolls"
"Harold"	"M"	0.5	99.5	1896	1961	661	1966	"Robbins, Harold"	"The Adventurers"
"Robert"	"M"	0.4	99.6	1896	1961	662	1966	"Crichton, Robert"	"The Secret of Santa Vittoria"
"Allen"	"M"	0.7	99.3	1896	1961	663	1966	"Drury, Allen"	"Capable of Honor"
"Helen"	"F"	99.7	0.3	1896	1961	664	1966	"MacInnes, Helen"	"The Double Image"
"Bernard"	"M"	0.5	99.5	1896	1961	665	1966	"Malamud, Bernard"	"The Fixer"
"Johns Adela Rogers"	"F"	100	0	1896	1961	666	1966	"St. Johns, Adela Rogers"	"Tell No Man"
"James"	"M"	0.4	99.6	1896	1961	667	1966	"Clavell, James"	"Tai-Pan"
"Louis"	"M"	0.7	99.3	1896	1961	668	1966	"Auchincloss, Louis"	"The Embezzler"
"Edwin"	"M"	0.5	99.5	1896	1961	669	1966	"O'Connor, Edwin"	"All in the Family"
"Elia"	"F"	90.8	9.2	1897	1962	670	1967	"Kazan, Elia"	"The Arrangement"
"William"	"M"	0.4	99.6	1897	1962	671	1967	"Styron, William"	"The Confessions of Nat Turner"
"Chaim"	"M"	0	100	1897	1962	672	1967	"Potok, Chaim"	"The Chosen"
"Leon"	"M"	0.9	99.1	1897	1962	673	1967	"Uris, Leon"	"Topaz"
"Catherine"	"F"	99.7	0.3	1897	1962	674	1967	"Marshall, Catherine"	"Christy"
"Thornton"	"M"	0	100	1897	1962	675	1967	"Wilder, Thornton"	"The Eighth Day"
"Ira"	"M"	9.5	90.5	1897	1962	676	1967	"Levin, Ira"	"Rosemary's Baby"
"Irving"	"M"	0.3	99.7	1897	1962	677	1967	"Wallace, Irving"	"The Plot"
"Mary"	"F"	99.6	0.4	1897	1962	678	1967	"Stewart, Mary"	"The Gabriel Hounds"
"Henry"	"M"	0.8	99.2	1897	1962	679	1967	"Sutton, Henry"	"The Exhibitionist"
"Arthur"	"M"	0.6	99.4	1898	1963	680	1968	"Hailey, Arthur"	"Airport"
"John"	"M"	0.4	99.6	1898	1963	681	1968	"Updike, John"	"Couples"
"Helen"	"F"	99.7	0.3	1898	1963	682	1968	"MacInnes, Helen"	"The Salzburg Connection"
"Carre John"	"F"	100	0	1898	1963	683	1968	"Le Carre, John"	"A Small Town in Germany"
"Taylor"	"M"	1.6	98.4	1898	1963	684	1968	"Caldwell, Taylor"	"Testimony of Two Men"
"Allen"	"M"	0.7	99.3	1898	1963	685	1968	"Drury, Allen"	"Preserve and Protect"
"Gore"	"M"	0	0	1898	1963	686	1968	"Vidal, Gore"	"Myra Breckinridge"
"Fletcher"	"M"	2.4	97.6	1898	1963	687	1968	"Knebel, Fletcher"	"Vanished"
"Catherine"	"F"	99.7	0.3	1898	1963	688	1968	"Marshall, Catherine"	"Christy"
"Morris"	"M"	0.8	99.2	1898	1963	689	1968	"West, Morris L."	"The Tower of Babel"
"Philip"	"M"	0.3	99.7	1899	1964	690	1969	"Roth, Philip"	"Portnoy's Complaint"
"Mario"	"M"	0.8	99.2	1899	1964	691	1969	"Puzo, Mario"	"The Godfather"
"Jacqueline"	"F"	99.7	0.3	1899	1964	692	1969	"Susann, Jacqueline"	"The Love Machine"
"Harold"	"M"	0.5	99.5	1899	1964	693	1969	"Robbins, Harold"	"The Inheritors"
"Michael"	"M"	0.4	99.6	1899	1964	694	1969	"Crichton, Michael"	"The Andromeda Strain"
"Irving"	"M"	0.3	99.7	1899	1964	695	1969	"Wallace, Irving"	"The Seven Minutes"
"Penelope"	"F"	100	0	1899	1964	696	1969	"Ashe, Penelope"	"Naked Came the Stranger"
"Chaim"	"M"	0	100	1899	1964	697	1969	"Potok, Chaim"	"The Promise"
"Gwen"	"F"	98.4	1.6	1899	1964	698	1969	"Davis, Gwen"	"The Pretenders"
"Maurier Daphne"	"F"	99.9	0.1	1899	1964	699	1969	"du Maurier, Daphne"	"The House on the Strand"
"Erich"	"M"	0	100	1900	1965	700	1970	"Segal, Erich"	"Love Story"
"John"	"M"	0.4	99.6	1900	1965	701	1970	"Fowles, John"	"The French Lieutenant's Woman"
"Ernest"	"M"	0.6	99.4	1900	1965	702	1970	"Hemingway, Ernest"	"Islands in the Stream"
"Mary"	"F"	99.6	0.4	1900	1965	703	1970	"Stewart, Mary"	"The Crystal Cave"
"Taylor"	"M"	1.9	98.1	1900	1965	704	1970	"Caldwell, Taylor"	"Great Lion of God"
"Leon"	"M"	0.9	99.1	1900	1965	705	1970	"Uris, Leon"	"QB VII"
"Jimmy"	"M"	0.8	99.2	1900	1965	706	1970	"Breslin, Jimmy"	"The Gang That Couldn't Shoot Straight"
"Victoria"	"F"	99.7	0.3	1900	1965	707	1970	"Holt, Victoria"	"The Secret Woman"
"Graham"	"M"	0.2	99.8	1900	1965	708	1970	"Greene, Graham"	"Travels with My Aunt"
"Irwin"	"M"	0.1	99.9	1900	1965	709	1970	"Shaw, Irwin"	"Rich Man, Poor Man"
"Arthur"	"M"	0.6	99.4	1901	1966	710	1971	"Hailey, Arthur"	"Wheels"
"William"	"M"	0.4	99.6	1901	1966	711	1971	"Blatty, William P."	"The Exorcist"
"Irving"	"M"	0.3	99.7	1901	1966	712	1971	"Stone, Irving"	"The Passions of the Mind"
"Frederick"	"M"	0.4	99.6	1901	1966	713	1971	"Forsyth, Frederick"	"The Day of the Jackal"
"Harold"	"M"	0.5	99.5	1901	1966	714	1971	"Robbins, Harold"	"The Betsy"
"Helen"	"F"	99.7	0.3	1901	1966	715	1971	"MacInnes, Helen"	"Message from Malaga"
"Herman"	"M"	0.6	99.4	1901	1966	716	1971	"Wouk, Herman"	"The Winds of War"
"James"	"M"	0.4	99.6	1901	1966	717	1971	"Michener, James A."	"The Drifters"
"Thomas"	"M"	0.3	99.7	1901	1966	718	1971	"Tryon, Thomas"	"The Other"
"John"	"M"	0.4	99.6	1901	1966	719	1971	"Updike, John"	"Rabbit Redux"
"Richard"	"M"	0.3	99.7	1902	1967	720	1972	"Bach, Richard"	"Jonathan Livingston Seagull"
"Alexander"	"M"	0.5	99.5	1902	1967	721	1972	"Solzhenitsyn, Alexander"	"August, 1914"
"Frederick"	"M"	0.4	99.6	1902	1967	722	1972	"Forsyth, Frederick"	"The Odessa File"
"Frederick"	"M"	0.4	99.6	1902	1967	723	1972	"Forsyth, Frederick"	"The Day of the Jackal"
"Irving"	"M"	0.3	99.7	1902	1967	724	1972	"Wallace, Irving"	"The Word"
"Herman"	"M"	0.6	99.4	1902	1967	725	1972	"Wouk, Herman"	"The Winds of War"
"Taylor"	"M"	2.5	97.5	1902	1967	726	1972	"Caldwell, Taylor"	"Captains and the Kings"
"Marjorie"	"F"	99.8	0.2	1902	1967	727	1972	"Holmes, Marjorie"	"Two from Galilee"
"Chaim"	"M"	0	100	1902	1967	728	1972	"Potok, Chaim"	"My Name Is Asher Lev"
"Dan"	"M"	0.5	99.5	1902	1967	729	1972	"Jenkins, Dan"	"Semi-Tough"
"Richard"	"M"	0.3	99.7	1903	1968	730	1973	"Bach, Richard"	"Jonathan Livingston Seagull"
"Jacqueline"	"F"	99.7	0.3	1903	1968	731	1973	"Susann, Jacqueline"	"Once Is Not Enough"
"Kurt"	"M"	0.2	99.8	1903	1968	732	1973	"Vonnegut, Kurt"	"Breakfast of Champions"
"Frederick"	"M"	0.4	99.6	1903	1968	733	1973	"Forsyth, Frederick"	"The Odessa File"
"Gore"	"M"	0	0	1903	1968	734	1973	"Vidal, Gore"	"Burr"
"Mary"	"F"	99.6	0.4	1903	1968	735	1973	"Stewart, Mary"	"The Hollow Hills"
"Irwin"	"M"	0.1	99.9	1903	1968	736	1973	"Shaw, Irwin"	"Evening in Byzantium"
"Robert"	"M"	0.4	99.6	1903	1968	737	1973	"Ludlum, Robert"	"The Matlock Paper"
"Paul"	"M"	0.4	99.6	1903	1968	738	1973	"Erdman, Paul E."	"The Billion Dollar Sure Thing"
"Graham"	"M"	0.3	99.7	1903	1968	739	1973	"Greene, Graham"	"The Honorary Consul"
"James"	"M"	0.4	99.6	1904	1969	740	1974	"Michener, James A."	"Centennial"
"Richard"	"M"	0.3	99.7	1904	1969	741	1974	"Adams, Richard"	"Watership Down"
"Peter"	"M"	0.3	99.7	1904	1969	742	1974	"Benchley, Peter"	"Jaws"
"Carre John"	"F"	100	0	1904	1969	743	1974	"Le Carre, John"	"Tinker, Tailor, Soldier, Spy"
"Joseph"	"M"	0.4	99.6	1904	1969	744	1974	"Heller, Joseph"	"Something Happened"
"Frederick"	"M"	0.4	99.6	1904	1969	745	1974	"Forsyth, Frederick"	"The Dogs of War"
"Harold"	"M"	0.5	99.5	1904	1969	746	1974	"Robbins, Harold J."	"The Pirate"
"Margaret"	"F"	99.7	0.3	1904	1969	747	1974	"Craven, Margaret"	"I Heard the Owl Call My Name"
"John"	"M"	0.4	99.6	1904	1969	748	1974	"Watson, John H."	"The Seven-Per-Cent Solution"
"Irving"	"M"	0.3	99.7	1904	1969	749	1974	"Wallace, Irving"	"The Fan Club"
	"M"	0	0	1905	1970	750	1975	"Doctorow, E. L."	"Ragtime"
"Arthur"	"M"	0.6	99.4	1905	1970	751	1975	"Hailey, Arthur"	"The Moneychangers"
"Agatha"	"F"	100	0	1905	1970	752	1975	"Christie, Agatha"	"Curtain"
"Judith"	"F"	99.7	0.3	1905	1970	753	1975	"Rossner, Judith"	"Looking for Mister Goodbar"
"Joseph"	"M"	0.4	99.6	1905	1970	754	1975	"Wambaugh, Joseph"	"The Choirboys"
"Jack"	"M"	0.5	99.5	1905	1970	755	1975	"Higgins, Jack"	"The Eagle Has Landed"
"Irving"	"M"	0.3	99.7	1905	1970	756	1975	"Stone, Irving"	"The Greek Treasure: A Biographical Novel of Henry and Sophia Schliemann"
"Michael"	"M"	0.4	99.6	1905	1970	757	1975	"Crichton, Michael"	"The Great Train Robbery"
"James"	"M"	0.4	99.6	1905	1970	758	1975	"Clavell, James"	"Shogun"
"Saul"	"M"	0	100	1905	1970	759	1975	"Bellow, Saul"	"Humboldt's Gift"
"Leon"	"M"	0.9	99.1	1906	1971	760	1976	"Uris, Leon"	"Trinity"
"Agatha"	"F"	100	0	1906	1971	761	1976	"Christie, Agatha"	"Sleeping Murder"
"Jacqueline"	"F"	99.7	0.3	1906	1971	762	1976	"Susann, Jacqueline"	"Dolores"
"Jack"	"M"	0.5	99.5	1906	1971	763	1976	"Higgins, Jack"	"Storm Warning"
"Peter"	"M"	0.3	99.7	1906	1971	764	1976	"Benchley, Peter"	"The Deep"
"Gore"	"M"	0	0	1906	1971	765	1976	"Vidal, Gore"	1876
"Kurt"	"M"	0.2	99.8	1906	1971	766	1976	"Vonnegut, Kurt"	"Slapstick: or, Lonesome No More!"
"Harold"	"M"	0.5	99.5	1906	1971	767	1976	"Robbins, Harold"	"The Lonely Lady"
"Mary"	"F"	99.6	0.4	1906	1971	768	1976	"Stewart, Mary"	"Touch Not the Cat"
"Sidney"	"M"	6.2	93.8	1906	1971	769	1976	"Sheldon, Sidney"	"A Stranger in the Mirror"
"J.r.r.; Christopher Tolkien"	"M"	0.5	99.5	1907	1972	770	1977	"Tolkien, J.R.R.; Christopher Tolkien"	"The Silmarillion"
"Colleen"	"F"	99.8	0.2	1907	1972	771	1977	"McCullough, Colleen"	"The Thorn Birds"
"Richard"	"M"	0.3	99.7	1907	1972	772	1977	"Bach, Richard"	"Illusions: The Adventures of a Reluctant Messiah"
"Carre John"	"F"	100	0	1907	1972	773	1977	"Le Carre, John"	"The Honourable Schoolboy"
"Erich"	"M"	0	100	1907	1972	774	1977	"Segal, Erich"	"Oliver's Story"
"Harold"	"M"	0.5	99.5	1907	1972	775	1977	"Robbins, Harold"	"Dreams Die First"
"Irwin"	"M"	0.1	99.9	1907	1972	776	1977	"Shaw, Irwin"	"Beggarman, Thief"
"Erica"	"F"	99.6	0.4	1907	1972	777	1977	"Jong, Erica"	"How To Save Your Own Life"
"Anais"	"F"	0	0	1907	1972	778	1977	"Nin, Anais"	"Delta of Venus: Erotica"
"John"	"M"	0.4	99.6	1907	1972	779	1977	"Fowles, John"	"Daniel Martin"
"James"	"M"	0.4	99.6	1908	1973	780	1978	"Michener, James A."	"Chesapeake"
"Herman"	"M"	0.6	99.4	1908	1973	781	1978	"Wouk, Herman"	"War and Remembrance"
"Mario"	"M"	1	99	1908	1973	782	1978	"Puzo, Mario"	"Fools Die"
"Sidney"	"M"	6.2	93.8	1908	1973	783	1978	"Sheldon, Sidney"	"Bloodlines"
"Judith"	"F"	99.7	0.3	1908	1973	784	1978	"Krantz, Judith"	"Scruples"
"Belva"	"F"	100	0	1908	1973	785	1978	"Plain, Belva"	"Evergreen"
"Richard"	"M"	0.3	99.7	1908	1973	786	1978	"Bach, Richard"	"Illusions: The Adventures of a Reluctant Messiah"
"Robert"	"M"	0.4	99.6	1908	1973	787	1978	"Ludlum, Robert"	"The Holcroft Covenant"
"Howard"	"M"	0.5	99.5	1908	1973	788	1978	"Fast, Howard"	"Second Generation"
"Ken"	"M"	0.1	99.9	1908	1973	789	1978	"Follett, Ken"	"Eye of the Needle"
"Graham"	"M"	0.3	99.7	1908	1973	790	1978	"Greene, Graham"	"The Human Factor"
"M.m"	"F"	0	0	1908	1973	791	1978	"Kaye, M.M."	"The Far Pavilions"
"Helen"	"F"	99.7	0.3	1908	1973	792	1978	"MacInnes, Helen"	"Prelude to Terror"
"John"	"M"	0.4	99.6	1908	1973	793	1978	"Irving, John"	"The World According to Garp"
"James"	"M"	0.4	99.6	1908	1973	794	1978	"Jones, James"	"Whistle"
"Robert"	"M"	0.4	99.6	1909	1974	795	1979	"Ludlum, Robert"	"The Matarese Circle"
"William"	"M"	0.4	99.6	1909	1974	796	1979	"Styron, William"	"Sophie's Choice"
"Arthur"	"M"	0.6	99.4	1909	1974	797	1979	"Hailey, Arthur"	"Overload"
"Harold"	"M"	0.5	99.5	1909	1974	798	1979	"Robbins, Harold"	"Memories of Another Day"
"Kurt"	"M"	0.2	99.8	1909	1974	799	1979	"Vonnegut, Kurt"	"Jailbird"
"Stephen"	"M"	0.3	99.7	1909	1974	800	1979	"King, Stephen"	"The Dead Zone"
"Mary"	"F"	99.6	0.4	1909	1974	801	1979	"Stewart, Mary"	"The Last Enchantment"
"Howard"	"M"	0.5	99.5	1909	1974	802	1979	"Fast, Howard"	"The Establishment"
"Gen Sir John Et Al"	"M"	54.5	45.5	1909	1974	803	1979	"Hackett, Gen. Sir John, et al."	"The Third World War: August 1985"
"Carre John"	"F"	100	0	1909	1974	804	1979	"Le Carre, John"	"Smiley's People"
"Ken"	"M"	0.1	99.9	1909	1974	805	1979	"Follett, Ken"	"Triple"
"Joseph"	"M"	0.4	99.6	1909	1974	806	1979	"Heller, Joseph"	"Good as Gold"
"Richard"	"M"	0.3	99.7	1909	1974	807	1979	"Bach, Richard"	"There's No Such Place as Far Away"
"Peter"	"M"	0.3	99.7	1909	1974	808	1979	"Benchley, Peter"	"The Island"
"Ruth Beebe"	"F"	99.7	0.3	1909	1974	809	1979	"Hill, Ruth Beebe"	"Hanta Yo"
"James"	"M"	0.4	99.6	1910	1975	810	1980	"Michener, James A."	"The Covenant"
"Robert"	"M"	0.4	99.6	1910	1975	811	1980	"Ludlum, Robert"	"The Bourne Identity"
"Sidney"	"M"	6.2	93.8	1910	1975	812	1980	"Sheldon, Sidney"	"Rage of Angels"
"Judith"	"F"	99.7	0.3	1910	1975	813	1980	"Krantz, Judith"	"Princess Daisy"
"Stephen"	"M"	0.3	99.7	1910	1975	814	1980	"King, Stephen"	"Firestarter"
"Ken"	"M"	0.1	99.9	1910	1975	815	1980	"Follett, Ken"	"The Key to Rebecca"
"Belva"	"F"	100	0	1910	1975	816	1980	"Plain, Belva"	"Random Winds"
"Frederick"	"M"	0.4	99.6	1910	1975	817	1980	"Forsyth, Frederick"	"The Devil's Alternative"
"Larry And Dominique Lapierre"	"M"	0.4	99.6	1910	1975	818	1980	"Collins, Larry and Dominique Lapierre"	"The Fifth Horseman"
"Borchgrave Arnaud And Robert Moss"	"M"	0.4	99.6	1910	1975	819	1980	"de Borchgrave, Arnaud and Robert Moss"	"The Spike"
"Cynthia"	"F"	99.8	0.2	1910	1975	820	1980	"Freeman, Cynthia"	"Come Pour the Wine"
"Erica"	"F"	99.5	0.5	1910	1975	821	1980	"Jong, Erica"	"Fanny, Being the True History of the Adventures of Fanny Hackabout Jones"
"E.l"	"M"	0	0	1910	1975	822	1980	"Doctorow, E.L."	"Loon Lake"
"Taylor"	"M"	5.8	94.2	1910	1975	823	1980	"Caldwell, Taylor"	"Answer as a Man"
"Lawrence"	"M"	0.4	99.6	1910	1975	824	1980	"Sanders, Lawrence"	"The Tenth Commandment"
"James"	"M"	0.4	99.6	1911	1976	825	1981	"Clavell, James"	"Noble House"
"John"	"M"	0.4	99.6	1911	1976	826	1981	"Irving, John"	"The Hotel New Hampshire"
"Stephen"	"M"	0.3	99.7	1911	1976	827	1981	"King, Stephen"	"Cujo"
"Colleen"	"F"	99.8	0.2	1911	1976	828	1981	"McCullough, Colleen"	"An Indecent Obsession"
"Martin Cruz"	"M"	0.5	99.5	1911	1976	829	1981	"Smith, Martin Cruz"	"Gorky Park"
"Kit"	"M"	33.3	66.7	1911	1976	830	1981	"Williams, Kit"	"Masquerade"
"Harold"	"M"	0.5	99.5	1911	1976	831	1981	"Robbins, Harold"	"Goodbye, Janette"
"Lawrence"	"M"	0.4	99.6	1911	1976	832	1981	"Sanders, Lawrence"	"The Third Deadly Sin"
"Joseph"	"M"	0.4	99.6	1911	1976	833	1981	"Wambaugh, Joseph"	"The Glitter Dome"
"Cynthia"	"F"	99.8	0.2	1911	1976	834	1981	"Freeman, Cynthia"	"No Time for Tears"
"Frank"	"M"	0.5	99.5	1911	1976	835	1981	"Herbert, Frank"	"God Emperor of Dune"
"Howard"	"M"	0.5	99.5	1911	1976	836	1981	"Fast, Howard"	"The Legacy"
"Andrew"	"M"	0.5	99.5	1911	1976	837	1981	"Greeley, Andrew M."	"The Cardinal Sins"
"Paul"	"M"	0.4	99.6	1911	1976	838	1981	"Erdman, Paul"	"The Last Days of America"
"John"	"M"	0.4	99.6	1911	1976	839	1981	"MacDonald, John D."	"Free Fall in Crimson"
"William"	"M"	0.4	99.6	1912	1977	840	1982	"Kotzwinkle, William"	"E.T., the Extra-Terrestrial Storybook"
"James"	"M"	0.4	99.6	1912	1977	841	1982	"Michener, James A."	"Space"
"Robert"	"M"	0.4	99.6	1912	1977	842	1982	"Ludlum, Robert"	"The Parsifal Mosaic"
"Sidney"	"M"	6.3	93.7	1912	1977	843	1982	"Sheldon, Sidney"	"Master of the Game"
"Judith"	"F"	99.7	0.3	1912	1977	844	1982	"Krantz, Judith"	"Mistral's Daughter"
"Jean"	"F"	97.1	2.9	1912	1977	845	1982	"Auel, Jean M."	"The Valley of Horses"
"Stephen"	"M"	0.3	99.7	1912	1977	846	1982	"King, Stephen"	"Different Seasons"
"John"	"M"	0.4	99.6	1912	1977	847	1982	"Jakes, John"	"North and South"
"Arthur"	"M"	0.6	99.4	1912	1977	848	1982	"Clarke, Arthur C."	"2010: Odyssey Two"
"Ken"	"M"	0.1	99.9	1912	1977	849	1982	"Follett, Ken"	"The Man from St. Petersburg"
"Jeffrey"	"M"	0.3	99.7	1912	1977	850	1982	"Archer, Jeffrey"	"The Prodigal Daughter"
"Isaac"	"M"	0.6	99.4	1912	1977	851	1982	"Asimov, Isaac"	"Foundation's Edge"
"Danielle"	"F"	99.3	0.7	1912	1977	852	1982	"Steel, Danielle"	"Crossings"
"Stephen"	"M"	0.3	99.7	1912	1977	853	1982	"Donaldson, Stephen R."	"The One Tree: Book Two of The Second Chronicles of Thomas Covenant"
"Harold"	"M"	0.5	99.5	1912	1977	854	1982	"Robbins, Harold"	"Spellbinder"
"Joan Adapt"	"F"	99.5	0.5	1913	1978	855	1983	"Vinge, Joan D., adapt."	"Return of the Jedi Storybook"
"James"	"M"	0.4	99.6	1913	1978	856	1983	"Michener, James A."	"Poland"
"Stephen"	"M"	0.3	99.7	1913	1978	857	1983	"King, Stephen"	"Pet Sematary"
"Carre John"	"F"	100	0	1913	1978	858	1983	"Le Carre, John"	"The Little Drummer Girl"
"Stephen"	"M"	0.3	99.7	1913	1978	859	1983	"King, Stephen"	"Christine"
"Danielle"	"F"	99.3	0.7	1913	1978	860	1983	"Steel, Danielle"	"Changes"
"Umberto"	"M"	0	100	1913	1978	861	1983	"Eco, Umberto"	"The Name of the Rose"
"Stephen"	"M"	0.3	99.7	1913	1978	862	1983	"Donaldson, Stephen R."	"White Gold Wielder: Book Three of The Second Chronicles of Thomas Covenant"
"Jackie"	"F"	52.6	47.4	1913	1978	863	1983	"Collins, Jackie"	"Hollywood Wives"
"Louis"	"M"	0.7	99.3	1913	1978	864	1983	"L'Amour, Louis"	"The Lonesome Gods"
"Bill And Thomas Chastain"	"M"	0.5	99.5	1913	1978	865	1983	"Adler, Bill and Thomas Chastain"	"Who Killed the Robins Family?"
"Isaac"	"M"	0.7	99.3	1913	1978	866	1983	"Asimov, Isaac"	"The Robots of Dawn"
"Judith"	"F"	99.7	0.3	1913	1978	867	1983	"Rossner, Judith"	"August"
"Norman"	"M"	0.7	99.3	1913	1978	868	1983	"Mailer, Norman"	"Ancient Evenings"
"Anne"	"F"	99.7	0.3	1913	1978	869	1983	"McCaffrey, Anne"	"Moreta: Dragonlady of Pern"
"Stephen And Peter Straub"	"M"	0.3	99.7	1914	1979	870	1984	"King, Stephen and Peter Straub"	"The Talisman"
"Robert"	"M"	0.4	99.6	1914	1979	871	1984	"Ludlum, Robert"	"The Aquitaine Progression"
"Mario"	"M"	1.1	98.9	1914	1979	872	1984	"Puzo, Mario"	"The Sicilian"
"John"	"M"	0.4	99.6	1914	1979	873	1984	"Jakes, John"	"Love and War"
"Seuss"	"M"	0	0	1914	1979	874	1984	"Dr. Seuss"	"The Butter Battle Book"
"Helen Hooven"	"F"	99.7	0.3	1914	1979	875	1984	"Santmyer, Helen Hooven"	". . . And the Ladies of the Club"
"Frederick"	"M"	0.4	99.6	1914	1979	876	1984	"Forsyth, Frederick"	"The Fourth Protocol"
"Danielle"	"F"	99.3	0.7	1914	1979	877	1984	"Steel, Danielle"	"Full Circle"
"Joan"	"F"	99.5	0.5	1914	1979	878	1984	"Rivers, Joan"	"The Life and Hard Times of Heidi Abromowitz"
"Gore"	"M"	0	0	1914	1979	879	1984	"Vidal, Gore"	"Lincoln: A Novel"
"Louis"	"M"	0.7	99.3	1914	1979	880	1984	"L'Amour, Louis"	"The Walking Drum"
"Leon"	"M"	0.9	99.1	1914	1979	881	1984	"Uris, Leon"	"The Haj"
"Arthur"	"M"	0.6	99.4	1914	1979	882	1984	"Haley, Arthur"	"Strong Medicine"
"Jeffrey"	"M"	0.3	99.7	1914	1979	883	1984	"Archer, Jeffrey"	"First Among Equals"
"Joan"	"F"	99.5	0.5	1914	1979	884	1984	"Vinge, Joan D."	"The Dune Storybook"
"Jean"	"F"	97	3	1915	1980	885	1985	"Auel, Jean M."	"The Mammoth Hunters"
"James"	"M"	0.4	99.6	1915	1980	886	1985	"Michener, James A."	"Texas"
"Garrison"	"M"	0	100	1915	1980	887	1985	"Keillor, Garrison"	"Lake Wobegon Days"
"Sidney"	"M"	6.5	93.5	1915	1980	888	1985	"Sheldon, Sidney"	"If Tomorrow Comes"
"Stephen"	"M"	0.3	99.7	1915	1980	889	1985	"King, Stephen"	"Skeleton Crew"
"Danielle"	"F"	99.3	0.7	1915	1980	890	1985	"Steel, Danielle"	"Secrets"
"Carl"	"M"	0.6	99.4	1915	1980	891	1985	"Sagan, Carl"	"Contact"
"Jackie"	"F"	52.8	47.2	1915	1980	892	1985	"Collins, Jackie"	"Lucky"
"Danielle"	"F"	99.3	0.7	1915	1980	893	1985	"Steel, Danielle"	"Family Album"
"Louis"	"M"	0.7	99.3	1915	1980	894	1985	"L'Amour, Louis"	"Jubal Sackett"
"Stephen"	"M"	0.3	99.7	1915	1980	895	1985	"King, Stephen"	"Thinner"
"John"	"M"	0.4	99.6	1915	1980	896	1985	"Irving, John"	"Cider House Rules"
"Tom"	"M"	0.5	99.5	1915	1980	897	1985	"Clancy, Tom"	"The Hunt for Red October"
"Lawrence"	"M"	0.5	99.5	1915	1980	898	1985	"Sanders, Lawrence"	"The Fourth Deadly Sin"
"Herman"	"M"	0.7	99.3	1915	1980	899	1985	"Wouk, Herman"	"Inside, Outside"
"Stephen"	"M"	0.3	99.7	1916	1981	900	1986	"King, Stephen"	"It"
"Tom"	"M"	0.5	99.5	1916	1981	901	1986	"Clancy, Tom"	"Red Storm Rising"
"James"	"M"	0.5	99.5	1916	1981	902	1986	"Clavell, James"	"Whirlwind"
"Robert"	"M"	0.4	99.6	1916	1981	903	1986	"Ludlum, Robert"	"The Bourne Supremacy"
"Jackie"	"F"	52.8	47.2	1916	1981	904	1986	"Collins, Jackie"	"Hollywood Husbands"
"Danielle"	"F"	99.3	0.7	1916	1981	905	1986	"Steel, Danielle"	"Wanderlust"
"Judith"	"F"	99.7	0.3	1916	1981	906	1986	"Krantz, Judith"	"I'll Take Manhattan"
"Louis"	"M"	0.7	99.3	1916	1981	907	1986	"L'Amour, Louis"	"Last of the Breed"
"Pat"	"M"	61.4	38.6	1916	1981	908	1986	"Conroy, Pat"	"The Prince of Tides"
"Carre John"	"F"	100	0	1916	1981	909	1986	"Le Carre, John"	"A Perfect Spy"
"Jeffrey"	"M"	0.3	99.7	1916	1981	910	1986	"Archer, Jeffrey"	"A Matter of Honor"
"Ken"	"M"	0.1	99.9	1916	1981	911	1986	"Follett, Ken"	"Lie Down with Lions"
"Lawrence"	"M"	0.5	99.5	1916	1981	912	1986	"Sanders, Lawrence"	"The Eighth Commandment"
"Barbara Taylor"	"F"	99.7	0.3	1916	1981	913	1986	"Bradford, Barbara Taylor"	"Act of Will"
"Clive"	"M"	0	100	1916	1981	914	1986	"Cussler, Clive"	"Cyclops"
"Stephen"	"M"	0.3	99.7	1917	1982	915	1987	"King, Stephen"	"The Tommyknockers"
"Tom"	"M"	0.4	99.6	1917	1982	916	1987	"Clancy, Tom"	"Patriot Games"
"Danielle"	"F"	99.3	0.7	1917	1982	917	1987	"Steel, Danielle"	"Kaleidoscope"
"Stephen"	"M"	0.3	99.7	1917	1982	918	1987	"King, Stephen"	"Misery"
"Garrison"	"M"	0	100	1917	1982	919	1987	"Keillor, Garrison"	"Leaving Home: A Collection of Lake Wobegon Stories"
"Sidney"	"M"	6.7	93.3	1917	1982	920	1987	"Sheldon, Sidney"	"Windmills of the Gods"
"Scott"	"M"	0.3	99.7	1917	1982	921	1987	"Turow, Scott"	"Presumed Innocent"
"Danielle"	"F"	99.3	0.7	1917	1982	922	1987	"Steel, Danielle"	"Fine Things"
"John"	"M"	0.4	99.6	1917	1982	923	1987	"Jakes, John"	"Heaven and Hell"
"Stephen"	"M"	0.3	99.7	1917	1982	924	1987	"King, Stephen"	"The Eyes of the Dragon"
"Louis"	"M"	0.7	99.3	1917	1982	925	1987	"L'Amour, Louis"	"The Haunted Mesa"
"Tom"	"M"	0.4	99.6	1917	1982	926	1987	"Wolfe, Tom"	"The Bonfire of the Vanities"
"James"	"M"	0.5	99.5	1917	1982	927	1987	"Michener, James A."	"Legacy"
"Arthur"	"M"	0.7	99.3	1917	1982	928	1987	"Clarke, Arthur C."	"2061: Odyssey Three"
"Mary Higgins"	"F"	99.6	0.4	1917	1982	929	1987	"Clark, Mary Higgins"	"Weep No More My Lady"
"Tom"	"M"	0.4	99.6	1918	1983	930	1988	"Clancy, Tom"	"The Cardinal of the Kremlin"
"Sidney"	"M"	6.8	93.2	1918	1983	931	1988	"Sheldon, Sidney"	"The Sands of Time"
"Danielle"	"F"	99.3	0.7	1918	1983	932	1988	"Steel, Danielle"	"Zoya"
"Robert"	"M"	0.4	99.6	1918	1983	933	1988	"Ludlum, Robert"	"The Icarus Agenda"
"James"	"M"	0.5	99.5	1918	1983	934	1988	"Michener, James A."	"Alaska"
"Judith"	"F"	99.7	0.3	1918	1983	935	1988	"Krantz, Judith"	"Till We Meet Again"
"Anne"	"F"	99.7	0.3	1918	1983	936	1988	"Rice, Anne"	"The Queen of the Damned"
"Barbara Taylor"	"F"	99.7	0.3	1918	1983	937	1988	"Bradford, Barbara Taylor"	"To Be the Best"
"Richard"	"M"	0.4	99.6	1918	1983	938	1988	"Bach, Richard"	"One: A Novel"
"Leon"	"M"	0.9	99.1	1918	1983	939	1988	"Uris, Leon"	"Mitla Pass"
"Tom"	"M"	0.4	99.6	1918	1983	940	1988	"Wolfe, Tom"	"The Bonfire of the Vanities"
"Stephen"	"M"	0.3	99.7	1918	1983	941	1988	"Coonts, Stephen"	"Final Flight"
"Jackie"	"F"	53	47	1918	1983	942	1988	"Collins, Jackie"	"Rock Star"
"Wilhelm"	"M"	0	100	1918	1983	943	1988	"Grimm, Wilhelm"	"Dear Mili"
"Dick"	"M"	0.3	99.7	1918	1983	944	1988	"Francis, Dick"	"Hot Money"
"Tom"	"M"	0.4	99.6	1919	1984	945	1989	"Clancy, Tom"	"Clear and Present Danger"
"Stephen"	"M"	0.3	99.7	1919	1984	946	1989	"King, Stephen"	"The Dark Half"
"Danielle"	"F"	99.3	0.7	1919	1984	947	1989	"Steel, Danielle"	"Daddy"
"Danielle"	"F"	99.3	0.7	1919	1984	948	1989	"Steel, Danielle"	"Star"
"James"	"M"	0.5	99.5	1919	1984	949	1989	"Michener, James A."	"Caribbean"
"Salman"	"M"	0	100	1919	1984	950	1989	"Rushdie, Salman"	"The Satanic Verses"
"Carre John"	"F"	100	0	1919	1984	951	1989	"Le Carre, John"	"The Russia House"
"Ken"	"M"	0.1	99.9	1919	1984	952	1989	"Follett, Ken"	"The Pillars of the Earth"
"John"	"M"	0.4	99.6	1919	1984	953	1989	"Jakes, John"	"California Gold"
"Mary Higgins"	"F"	99.6	0.4	1919	1984	954	1989	"Clark, Mary Higgins"	"While My Pretty One Sleeps"
"Dean"	"M"	1.7	98.3	1919	1984	955	1989	"Koontz, Dean R."	"Midnight"
"Jimmy"	"M"	0.8	99.2	1919	1984	956	1989	"Stewart, Jimmy"	"Jimmy Stewart and His Poems"
"Frederick"	"M"	0.5	99.5	1919	1984	957	1989	"Forsyth, Frederick"	"The Negotiator"
"Dick"	"M"	0.2	99.8	1919	1984	958	1989	"Francis, Dick"	"Straight"
"Martin Cruz"	"M"	0.5	99.5	1919	1984	959	1989	"Smith, Martin Cruz"	"Polar Star"
"Jean"	"F"	96.7	3.3	1920	1985	960	1990	"Auel, Jean M."	"The Plains of Passage"
"Stephen"	"M"	0.3	99.7	1920	1985	961	1990	"King, Stephen"	"Four Past Midnight"
"Scott"	"M"	0.3	99.7	1920	1985	962	1990	"Turow, Scott"	"The Burden of Proof"
"Sidney"	"M"	7.2	92.8	1920	1985	963	1990	"Sheldon, Sidney"	"Memories of Midnight"
"Danielle"	"F"	99.3	0.7	1920	1985	964	1990	"Steel, Danielle"	"Message from Nam"
"Robert"	"M"	0.4	99.6	1920	1985	965	1990	"Ludlum, Robert"	"The Bourne Ultimatum"
"Stephen"	"M"	0.3	99.7	1920	1985	966	1990	"King, Stephen"	"The Stand"
"Jackie"	"F"	53.1	46.9	1920	1985	967	1990	"Collins, Jackie"	"Lady Boss"
"Anne"	"F"	99.7	0.3	1920	1985	968	1990	"Rice, Anne"	"The Witching Hour"
"Rosamunde"	"F"	0	0	1920	1985	969	1990	"Pilcher, Rosamunde"	"September"
"Judith"	"F"	99.7	0.3	1920	1985	970	1990	"Krantz, Judith"	"Dazzle"
"Dean"	"M"	1.7	98.3	1920	1985	971	1990	"Koontz, Dean R."	"The Bad Place"
"Barbara Taylor"	"F"	99.7	0.3	1920	1985	972	1990	"Bradford, Barbara Taylor"	"The Women in His Life"
"Colleen"	"F"	99.8	0.2	1920	1985	973	1990	"McCullough, Colleen"	"The First Man in Rome"
"Clive"	"M"	0	100	1920	1985	974	1990	"Cussler, Clive"	"Dragon"
"Alexandra"	"F"	99.2	0.8	1921	1986	975	1991	"Ripley, Alexandra"	"Scarlett: The Sequel to Margaret Mitchell's Gone with the Wind,"
"Tom"	"M"	0.4	99.6	1921	1986	976	1991	"Clancy, Tom"	"The Sum of All Fears"
"Stephen"	"M"	0.4	99.6	1921	1986	977	1991	"King, Stephen"	"Needful Things"
"Danielle"	"F"	99.3	0.7	1921	1986	978	1991	"Steel, Danielle"	"No Greater Love"
"Danielle"	"F"	99.3	0.7	1921	1986	979	1991	"Steel, Danielle"	"Heartbeat"
"Sidney"	"M"	7.4	92.6	1921	1986	980	1991	"Sheldon, Sidney"	"The Doomsday Conspiracy"
"John"	"M"	0.4	99.6	1921	1986	981	1991	"Grisham, John"	"The Firm"
"Ken"	"M"	0.1	99.9	1921	1986	982	1991	"Follett, Ken"	"Night Over Water"
"Barbara Taylor"	"F"	99.7	0.3	1921	1986	983	1991	"Bradford, Barbara Taylor"	"Remember"
"Mary Higgins"	"F"	99.6	0.4	1921	1986	984	1991	"Clark, Mary Higgins"	"Loves Music, Loves to Dance"
"Dean"	"M"	1.7	98.3	1921	1986	985	1991	"Koontz, Dean R."	"Cold Fire"
"Amy"	"F"	99.7	0.3	1921	1986	986	1991	"Tan, Amy"	"The Kitchen God's Wife"
"Judith"	"F"	99.7	0.3	1921	1986	987	1991	"Michael, Judith"	"Sleeping Beauty"
"Timothy"	"M"	0.4	99.6	1921	1986	988	1991	"Zahn, Timothy"	"Star Wars: Heir to the Empire"
"Garrison"	"M"	0	100	1921	1986	989	1991	"Keillor, Garrison"	"WLT: A Radio Romance"
"Stephen"	"M"	0.4	99.6	1922	1987	990	1992	"King, Stephen"	"Dolores Claiborne"
"John"	"M"	0.4	99.6	1922	1987	991	1992	"Grisham, John"	"The Pelican Brief"
"Stephen"	"M"	0.4	99.6	1922	1987	992	1992	"King, Stephen"	"Gerald's Game"
"Danielle"	"F"	99.3	0.7	1922	1987	993	1992	"Steel, Danielle"	"Mixed Blessings"
"Danielle"	"F"	99.3	0.7	1922	1987	994	1992	"Steel, Danielle"	"Jewels"
"Sidney"	"M"	7.6	92.4	1922	1987	995	1992	"Sheldon, Sidney"	"The Stars Shine Down"
"Anne"	"F"	99.7	0.3	1922	1987	996	1992	"Rice, Anne"	"Tale of the Body Thief"
"James"	"M"	0.5	99.5	1922	1987	997	1992	"Michener, James A."	"Mexico"
"Terry"	"M"	19.4	80.6	1922	1987	998	1992	"McMillan, Terry"	"Waiting to Exhale"
"Mary Higgins"	"F"	99.6	0.4	1922	1987	999	1992	"Clark, Mary Higgins"	"All Around the Town"
"Judith"	"F"	99.7	0.3	1922	1987	1000	1992	"Krantz, Judith"	"Scruples Two"
"Clive"	"M"	0	100	1922	1987	1001	1992	"Cussler, Clive"	"Sabara"
"Dean"	"M"	1.7	98.3	1922	1987	1002	1992	"Koontz, Dean R."	"Hideaway"
"Robert"	"M"	0.4	99.6	1922	1987	1003	1992	"Ludlum, Robert"	"The Road to Omaha"
"Timothy"	"M"	0.4	99.6	1922	1987	1004	1992	"Zahn, Timothy"	"Star Wars: Dark Force Rising"
"James Robert"	"M"	0.5	99.5	1923	1988	1005	1993	"Waller, James Robert"	"The Bridges of Madison County"
"John"	"M"	0.4	99.6	1923	1988	1006	1993	"Grisham, John"	"The Client"
"James Robert"	"M"	0.5	99.5	1923	1988	1007	1993	"Waller, James Robert"	"Slow Waltz at Cedar Bend"
"Tom"	"M"	0.4	99.6	1923	1988	1008	1993	"Clancy, Tom"	"Without Remorse"
"Stephen"	"M"	0.4	99.6	1923	1988	1009	1993	"King, Stephen"	"Nightmares and Dreamscapes"
"Danielle"	"F"	99.3	0.7	1923	1988	1010	1993	"Steel, Danielle"	"Vanished"
"Anne"	"F"	99.7	0.3	1923	1988	1011	1993	"Rice, Anne"	"Lasher"
"Scott"	"M"	0.4	99.6	1923	1988	1012	1993	"Turow, Scott"	"Pleading Guilty"
"Laura"	"F"	99.7	0.3	1923	1988	1013	1993	"Esquivel, Laura"	"Like Water for Chocolate"
"Robert"	"M"	0.4	99.6	1923	1988	1014	1993	"Ludlum, Robert"	"The Scorpio Illusion"
"Nick"	"M"	0.4	99.6	1923	1988	1015	1993	"Bantock, Nick"	"The Golden Mean"
"Mary Higgins"	"F"	99.6	0.4	1923	1988	1016	1993	"Clark, Mary Higgins"	"I'll Be Seeing You"
"Ken"	"M"	0.1	99.9	1923	1988	1017	1993	"Follett, Ken"	"A Dangerous Fortune"
"Dean"	"M"	1.6	98.4	1923	1988	1018	1993	"Koontz, Dean"	"Mr. Murder"
"James"	"M"	0.5	99.5	1923	1988	1019	1993	"Clavell, James"	"Gai-Jin"
"John"	"M"	0.4	99.6	1924	1989	1020	1994	"Grisham, John"	"The Chamber"
"Tom"	"M"	0.4	99.6	1924	1989	1021	1994	"Clancy, Tom"	"Debt of Honor"
"James"	"M"	0.5	99.5	1924	1989	1022	1994	"Redfield, James"	"The Celestine Prophecy"
"Danielle"	"F"	99.3	0.7	1924	1989	1023	1994	"Steel, Danielle"	"The Gift"
"Stephen"	"M"	0.4	99.6	1924	1989	1024	1994	"King, Stephen"	"Insomnia"
"James Finn"	"M"	0.5	99.5	1924	1989	1025	1994	"Garner, James Finn"	"Politically Correct Bedtime Stories"
"Danielle"	"F"	99.3	0.7	1924	1989	1026	1994	"Steel, Danielle"	"Wings"
"Danielle"	"F"	99.3	0.7	1924	1989	1027	1994	"Steel, Danielle"	"Accident"
"James Robert"	"M"	0.5	99.5	1924	1989	1028	1994	"Waller, James Robert"	"The Bridges of Madison County"
"Michael"	"M"	0.5	99.5	1924	1989	1029	1994	"Crichton, Michael"	"Disclosure"
"Sidney"	"M"	8.3	91.7	1924	1989	1030	1994	"Sheldon, Sidney"	"Nothing Lasts Forever"
"Anne"	"F"	99.7	0.3	1924	1989	1031	1994	"Rice, Anne"	"Taltos"
"Dean"	"M"	1.6	98.4	1924	1989	1032	1994	"Koontz, Dean"	"Dark Rivers of the Heart"
"Mary Higgins"	"F"	99.6	0.4	1924	1989	1033	1994	"Clark, Mary Higgins"	"The Lottery Winner"
"Mary Higgins"	"F"	99.6	0.4	1924	1989	1034	1994	"Clark, Mary Higgins"	"Remember Me"
"Patricial"	"F"	0	0	1924	1989	1035	1994	"Cornwell, Patricial"	"The Body Farm"
"Sue"	"F"	99.6	0.4	1924	1989	1036	1994	"Grafton, Sue"	"K is for Killer"
"Barbara Taylor"	"F"	99.7	0.3	1924	1989	1037	1994	"Bradford, Barbara Taylor"	"Everything to Gain"
"Nelson"	"M"	0.7	99.3	1924	1989	1038	1994	"DeMille, Nelson"	"Spencerville"
"Dick"	"M"	0.2	99.8	1924	1989	1039	1994	"Francis, Dick"	"Wild Horses"
"Clive"	"M"	0	100	1924	1989	1040	1994	"Cussler, Clive"	"Inca Gold"
"Marlo"	"F"	72.6	27.4	1924	1989	1041	1994	"Morgan, Marlo"	"Mutant Message Down Under"
"Robert"	"M"	0.4	99.6	1924	1989	1042	1994	"Jordan, Robert"	"Lord of Chaos"
"Robin"	"F"	87.5	12.5	1924	1989	1043	1994	"Cook, Robin"	"Fatal Cure"
"Lavyrle"	"F"	0	0	1924	1989	1044	1994	"Spencer, LaVyrle"	"Family Blessings"
"John"	"M"	0.4	99.6	1925	1990	1045	1995	"Grisham, John"	"The Rainmaker"
"Michael"	"M"	0.5	99.5	1925	1990	1046	1995	"Crichton, Michael"	"The Lost World"
"Danielle"	"F"	99.4	0.6	1925	1990	1047	1995	"Steel, Danielle"	"Five Days in Paris"
"Richard Paul"	"M"	0.4	99.6	1925	1990	1048	1995	"Evans, Richard Paul"	"The Christmas Box"
"Danielle"	"F"	99.4	0.6	1925	1990	1049	1995	"Steel, Danielle"	"Lightning"
"James"	"M"	0.5	99.5	1925	1990	1050	1995	"Redfield, James"	"The Celestine Prophecy"
"Stephen"	"M"	0.4	99.6	1925	1990	1051	1995	"King, Stephen"	"Rose Madder"
"Mary Higgins"	"F"	99.6	0.4	1925	1990	1052	1995	"Clark, Mary Higgins"	"Silent Night"
"James Finn"	"M"	0.5	99.5	1925	1990	1053	1995	"Garner, James Finn"	"Politically Correct Holiday Stories"
"Nicholas"	"M"	0.5	99.5	1925	1990	1054	1995	"Evans, Nicholas"	"The Horse Whisperer"
"James Finn"	"M"	0.5	99.5	1925	1990	1055	1995	"Garner, James Finn"	"Politically Correct Bedtime Stories"
"Anne"	"F"	99.7	0.3	1925	1990	1056	1995	"Rice, Anne"	"Memnoch the Devil"
"Pat"	"M"	62.6	37.4	1925	1990	1057	1995	"Conroy, Pat"	"Beach Music"
"Patricia"	"F"	99.7	0.3	1925	1990	1058	1995	"Cornwell, Patricia"	"From Potter's Field"
"Sidney"	"M"	8.7	91.3	1925	1990	1059	1995	"Sheldon, Sidney"	"Morning, Noon, and Night"
"John"	"M"	0.4	99.6	1926	1991	1060	1996	"Grisham, John"	"The Runaway Jury"
"Tom"	"M"	0.4	99.6	1926	1991	1061	1996	"Clancy, Tom"	"Executive Orders"
"Stephen"	"M"	0.4	99.6	1926	1991	1062	1996	"King, Stephen"	"Desperation"
"Michael"	"M"	0.5	99.5	1926	1991	1063	1996	"Crichton, Michael"	"Airframe"
"Richard"	"M"	0.4	99.6	1926	1991	1064	1996	"Bachman, Richard"	"The Regulators"
"Danielle"	"F"	99.4	0.6	1926	1991	1065	1996	"Steel, Danielle"	"Malice"
"Danielle"	"F"	99.4	0.6	1926	1991	1066	1996	"Steel, Danielle"	"Silent Honor"
"Anonymous"	"M"	0	0	1926	1991	1067	1996	"Anonymous"	"Primary Colors"
"Patricia"	"F"	99.7	0.3	1926	1991	1068	1996	"Cornwell, Patricia"	"Cause of Death"
"James"	"M"	0.5	99.5	1926	1991	1069	1996	"Redfield, James"	"The Tenth Insight"
"Jacquelyn"	"F"	99.8	0.2	1926	1991	1070	1996	"Mitchard, Jacquelyn"	"The Deep End of the Ocean"
"Terry"	"M"	19.1	80.9	1926	1991	1071	1996	"McMillan, Terry"	"How Stella Got Her Groove Back"
"Mary Higgins"	"F"	99.6	0.4	1926	1991	1072	1996	"Clark, Mary Higgins"	"Moonlight Becomes You"
"Mary Higgins"	"F"	99.6	0.4	1926	1991	1073	1996	"Clark, Mary Higgins"	"My Gal Sunday"
"James"	"M"	0.5	99.5	1926	1991	1074	1996	"Redfield, James"	"The Celestine Prophecy"
"John"	"M"	0.4	99.6	1927	1992	1075	1997	"Grisham, John"	"The Partner"
"Jk"	"F"	0	0	1927	1992	1076	1997	"Rowling, JK"	"Harry Potter and the Sorcerer's Stone"
"Charles"	"M"	0.5	99.5	1927	1992	1077	1997	"Frazier, Charles"	"Cold Mountain"
"Danielle"	"F"	99.4	0.6	1927	1992	1078	1997	"Steel, Danielle"	"The Ghost"
"Danielle"	"F"	99.4	0.6	1927	1992	1079	1997	"Steel, Danielle"	"The Ranch"
"Danielle"	"F"	99.4	0.6	1927	1992	1080	1997	"Steel, Danielle"	"Special Delivery"
"Patricia"	"F"	99.7	0.3	1927	1992	1081	1997	"Cornwell, Patricia"	"Unnatural Exposure"
"Sidney"	"M"	10	90	1927	1992	1082	1997	"Sheldon, Sidney"	"The Best Laid Plans"
"Mary Higgins"	"F"	99.6	0.4	1927	1992	1083	1997	"Clark, Mary Higgins"	"Pretend You Don't See Her"
"James"	"M"	0.5	99.5	1927	1992	1084	1997	"Patterson, James"	"Cat &amp; Mouse"
"Patricia"	"F"	99.7	0.3	1927	1992	1085	1997	"Cornwell, Patricia"	"Hornet's Nest"
"Richard Paul"	"M"	0.4	99.6	1927	1992	1086	1997	"Evans, Richard Paul"	"The Letter"
"Clive"	"M"	0	100	1927	1992	1087	1997	"Cussler, Clive"	"Flood Tide"
"Anne"	"F"	99.7	0.3	1927	1992	1088	1997	"Rice, Anne"	"Violin"
"Robert"	"M"	0.4	99.6	1927	1992	1089	1997	"Ludlum, Robert"	"The Matarese Countdown"
"Nelson"	"M"	0.7	99.3	1927	1992	1090	1997	"DeMille, Nelson"	"Plum Island"
"John"	"M"	0.4	99.6	1928	1993	1091	1998	"Grisham, John"	"The Street Lawyer"
"Tom"	"M"	0.3	99.7	1928	1993	1092	1998	"Clancy, Tom"	"Rainbow Six"
"Stephen"	"M"	0.4	99.6	1928	1993	1093	1998	"King, Stephen"	"Bag of Bones"
"Tom"	"M"	0.3	99.7	1928	1993	1094	1998	"Wolfe, Tom"	"A Man in Full"
"Danielle"	"F"	99.4	0.6	1928	1993	1095	1998	"Steel, Danielle"	"Mirror Image"
"Danielle"	"F"	99.4	0.6	1928	1993	1096	1998	"Steel, Danielle"	"The Long Road Home"
"Danielle"	"F"	99.4	0.6	1928	1993	1097	1998	"Steel, Danielle"	"The Klone and I"
"Patricia"	"F"	99.7	0.3	1928	1993	1098	1998	"Cornwell, Patricia"	"Point of Origin"
"Toni"	"F"	98.7	1.3	1928	1993	1099	1998	"Morrison, Toni"	"Paradise"
"Mary Higgins"	"F"	99.6	0.4	1928	1993	1100	1998	"Clark, Mary Higgins"	"All Through the Night"
"Wally"	"M"	4.2	95.8	1928	1993	1101	1998	"Lamb, Wally"	"I Know This Much Is True"
"Sidney"	"M"	10.8	89.2	1928	1993	1102	1998	"Sheldon, Sidney"	"Tell Me Your Dreams"
"Anne"	"F"	99.7	0.3	1928	1993	1103	1998	"Rice, Anne"	"The Vampire Armand"
"Nicholas"	"M"	0.5	99.5	1928	1993	1104	1998	"Evans, Nicholas"	"The Loop"
"Mary Higgins"	"F"	99.6	0.4	1928	1993	1105	1998	"Clark, Mary Higgins"	"You Belong to Me"
"John"	"M"	0.4	99.6	1929	1994	1106	1999	"Grisham, John"	"The Testament"
"Thomas"	"M"	0.4	99.6	1929	1994	1107	1999	"Harris, Thomas"	"Hannibal"
"Jerry"	"M"	2.5	97.5	1929	1994	1108	1999	"Jenkins, Jerry B."	"Assassins"
"Terry"	"M"	19	81	1929	1994	1109	1999	"Brooks, Terry"	"Star Wars: Episode I, The Phantom Menace"
"Michael"	"M"	0.5	99.5	1929	1994	1110	1999	"Crichton, Michael"	"Timeline"
"Stephen"	"M"	0.4	99.6	1929	1994	1111	1999	"King, Stephen"	"Hearts in Atlantis"
"Jerry"	"M"	2.5	97.5	1929	1994	1112	1999	"Jenkins, Jerry B."	"Apollyon"
"Stephen"	"M"	0.4	99.6	1929	1994	1113	1999	"King, Stephen"	"The Girl Who Loved Tom Gordon"
"Danielle"	"F"	99.4	0.6	1929	1994	1114	1999	"Steel, Danielle"	"Irresistible Forces"
"Maeve"	"F"	100	0	1929	1994	1115	1999	"Binchy, Maeve"	"Tara Road"
"Janet"	"F"	99.7	0.3	1929	1994	1116	1999	"Fitch, Janet"	"White Oleander"
"Nicholas"	"M"	0.5	99.5	1929	1994	1117	1999	"Sparks, Nicholas"	"A Walk to Remember"
"James"	"M"	0.4	99.6	1929	1994	1118	1999	"Patterson, James"	"Pop Goes the Weasel"
"Patricia"	"F"	99.7	0.3	1929	1994	1119	1999	"Cornwell, Patricia"	"Black Notice"
"Danielle"	"F"	99.4	0.6	1929	1994	1120	1999	"Steel, Danielle"	"Granny Dan"
